"sample_date","p_release","p_final","avg_TSS","avg_VSS","inoculation_type","inoculation_source","biomass_amount_added","inoculation_notes","daily_notes"
2003-09-01,NA,NA,1014.666667,596,"seed","sludge",NA,"date obtained from R1_TSSVSS file",NA
2003-09-06,39.0655106,9.493,NA,NA,NA,NA,NA,NA,NA
2003-09-16,23.77924374,9.493,NA,NA,NA,NA,NA,NA,NA
2003-09-18,31.03917301,8.155,714.6666667,570.6666667,NA,NA,NA,NA,NA
2003-09-23,34.78815288,4.132,836,597.3333333,NA,NA,NA,NA,NA
2003-09-25,33.89553863,3.037,654.6666667,512,NA,NA,NA,NA,NA
2003-09-30,20.23977433,5.628,724,526.6666667,NA,NA,NA,NA,NA
2003-10-01,30.54478138,6.245,620,498.6666667,NA,NA,NA,NA,NA
2003-10-05,19.87722573,5.734,632,509.3333333,NA,NA,NA,NA,"this week, the feeding time for the acetate was made 20 minutes earlier, allowing the PAOs sufficient time to utilize VFA for sufficient uptake and release"
2003-10-09,30.73305572,1.488,730.6666667,552,NA,NA,NA,NA,NA
2003-10-14,37.78069926,0.567,760,578.6666667,NA,NA,NA,NA,NA
2003-10-16,33.676805,0.965,940,622.6666667,NA,NA,NA,NA,NA
2003-10-21,53.823195,0.915,953.3333333,633.3333333,NA,NA,NA,NA,NA
2003-10-23,53.823195,0.517,1041.333333,670.6666667,NA,NA,NA,NA,NA
2003-10-28,61.90165958,0.043,1225.333333,766.6666667,NA,NA,NA,NA,NA
2003-10-30,49.30050747,0.091,1181.333333,749.3333333,NA,NA,NA,NA,NA
2003-11-04,55.3010561,0.163,1142.666667,750.6666667,NA,NA,NA,NA,NA
2003-11-07,66.34206556,0.019,886.6666667,648,NA,NA,NA,NA,NA
2003-11-11,51.8207379,0.139,1076,690.6666667,NA,NA,NA,NA,NA
2003-11-13,54.82101221,0.091,993.3333333,629.3333333,NA,NA,NA,NA,NA
2003-11-18,61.57319392,0.052,969.3333333,716,NA,NA,NA,NA,NA
2003-11-20,64.18726236,0.409,1097.333333,648,NA,NA,NA,NA,NA
2003-11-23,52.30513308,0.029,1158.666667,688,NA,NA,NA,NA,NA
2003-11-25,55.03802281,-0.019,925.3333333,538.6666667,NA,NA,NA,NA,NA
2003-12-02,33.73374788,6.598,717.3333333,488,NA,NA,NA,NA,"experienced problems with the n2 tank this week"
2003-12-04,37.81444319,2.147,702.6666667,530.6666667,NA,NA,NA,NA,NA
2003-12-09,61.48982763,0.01,1197.333333,664,NA,NA,NA,NA,NA
2003-12-11,66.92921729,-0.114,1145.333333,696,NA,NA,NA,NA,NA
2003-12-14,67.79457474,0.01,1166.666667,725.3333333,NA,NA,NA,NA,NA
2003-12-17,62.60243006,0.405,1209.333333,717.3333333,NA,NA,NA,NA,NA
2003-12-24,65.51992088,0.435,NA,NA,NA,NA,NA,NA,NA
2003-12-29,58.1396581,0.2,NA,NA,NA,NA,NA,NA,NA
2004-01-02,63.50487426,0.173,NA,NA,NA,NA,NA,NA,NA
2004-01-07,70.00987445,-0.069,953.3333333,637.3333333,NA,NA,NA,NA,NA
2004-01-12,48.34333242,0.1,1005.333333,722.6666667,NA,NA,NA,NA,NA
2004-01-15,57.2913826,0.148,868,633.3333333,NA,NA,NA,NA,NA
2004-01-20,49.65571312,0.076,973.3333333,606.6666667,NA,NA,NA,NA,NA
2004-01-22,51.68393782,0.005,933.3333333,568,NA,NA,NA,NA,NA
2004-01-25,46.19580038,0.052,1066.666667,648,NA,NA,NA,NA,NA
2004-01-27,45.12203436,0.076,938.6666667,580,NA,NA,NA,NA,"Working out problems with n2 regulator: possible cause of low anaerobic soluble P levels, removal remains quite effective"
2004-02-03,42.78661742,0.03,922.6666667,605.3333333,NA,NA,NA,NA,NA
2004-02-05,47.88322205,0.005,914.6666667,552,NA,NA,NA,NA,NA
2004-02-10,54.96874556,0.129,865.3333333,521.3333333,NA,NA,NA,NA,NA
2004-02-12,50.61798551,0.303,892,566.6666667,NA,NA,NA,NA,NA
2004-02-17,57.95212388,0.03,978.6666667,590.6666667,NA,NA,NA,NA,NA
2004-02-19,36.44693849,0.999,713.3333333,593.3333333,NA,NA,NA,NA,"contamination of acetate feed was observed"
2004-02-26,37.95900939,-0.254,820,582.6666667,NA,NA,NA,NA,NA
2004-03-02,65.73085682,-0.13,1338.666667,792,NA,NA,NA,NA,"Some flocs passed through the filter of the sample taken from ~3:30 PM so that the abs of the solution was abnormally high (0.2296)."
2004-03-04,62.9910333,-0.105,1222.666667,684,NA,NA,NA,NA,NA
2004-03-09,60.2446702,-0.12,1197.333333,710.6666667,NA,NA,NA,NA,NA
2004-03-11,73.76591787,-0.095,1102.666667,768,NA,NA,NA,NA,NA
2004-03-16,50.72971813,0.028,958.8888889,662.2222222,NA,NA,NA,NA,NA
2004-03-19,65.62812992,0.591,NA,NA,NA,NA,NA,NA,NA
2004-03-25,42.09114323,-0.095,900,662.6666667,NA,NA,NA,NA,"reactor is currently recovering from problems with the oxygen pump, thus no data from 3/23"
2004-03-30,58.11771396,-0.07,1028,602.6666667,NA,NA,NA,NA,NA
2004-04-01,57.495735,-0.045,1012,637.3333333,NA,NA,NA,NA,NA
2004-04-06,39.95592835,-0.095,1024,738.6666667,NA,NA,NA,NA,"problems with new stir plate induced settling for approx 1/2 day early in week, could be cause of low ana-P"
2004-04-08,53.51506966,0.03,997.3333333,705.3333333,NA,NA,NA,NA,"problems with new wate pump, watching daily for necessary waste volume"
2004-04-13,61.47640034,-0.02,1426.666667,896,NA,NA,NA,NA,"again problems with waste pump and close monitoring of waste volume, drive was unable to rotate tubing, so this drive was used for the base, and now operation of waste pump should be ok, insufficient wasting over previous weekend is likely the cause of extremely high solids"
2004-04-15,61.72519192,0.055,1292,784,NA,NA,NA,NA,"again problems with waste pump and close monitoring of waste volume, drive was unable to rotate tubing, so this drive was used for the base, and now operation of waste pump should be ok, insufficient wasting over previous weekend is likely the cause of extremely high solids"
2004-04-20,64.20422732,0.029,1181.333333,717.3333333,NA,NA,NA,NA,NA
2004-04-22,73.02281635,-0.02,1254.666667,784,NA,NA,NA,NA,NA
2004-04-27,63.4693449,0.103,1093.333333,674.6666667,NA,NA,NA,NA,NA
2004-04-29,59.93985137,0.067,1354.666667,796,NA,NA,NA,NA,NA
2004-05-04,58.0325334,0.02,1198.666667,690.6666667,NA,NA,NA,NA,NA
2004-05-06,65.78101265,0.401,1153.333333,676,NA,NA,NA,NA,NA
2004-05-08,68.88040435,0.639,1030.666667,684,NA,NA,NA,NA,"malfunction of N2 timer may or may not have affected cycling, depending on time of malfunction"
2004-05-11,58.0325334,0.544,1037.333333,584,NA,NA,NA,NA,"minor waste pump variability, checked on a daily basis"
2004-05-17,67.20550359,0.655,990.6666667,572,NA,NA,NA,NA,NA
2004-05-19,55.93737292,0.18,876,564,NA,NA,NA,NA,"reactor running at slightly greater than two liters, minor variability in DI loading, solids now taken during cycle of wasting, during school year: done during previous cycle"
2004-05-24,62.81686322,0.228,806.6666667,676,NA,NA,NA,NA,"new drives installed this week"
2004-05-26,60.20740138,0.18,1026.666667,620,NA,NA,NA,NA,NA
2004-06-01,65.30771316,0.323,785.3333333,608,NA,NA,NA,NA,NA
2004-06-11,39.13194444,0,1092,677.3333333,NA,NA,NA,NA,"the previous week's data is irrelevent because use of a smaller stir plate caused a major malfunction with the mixing of the sludge over a period of several days, stir bar would not stay centered"
2004-06-14,45.69444444,0.097,1124,742.6666667,NA,NA,NA,NA,NA
2004-06-16,58.57638889,-0.024,1192,572,NA,NA,NA,NA,NA
2004-06-21,73.64583333,0.073,924,594.6666667,NA,NA,NA,NA,NA
2004-06-22,61.25,0.049,1128,648,NA,NA,NA,NA,NA
2004-06-23,60.27777778,0.51,1009.333333,713.3333333,NA,NA,NA,NA,NA
2004-06-24,59.54861111,0.292,1122.666667,721.3333333,NA,NA,NA,NA,NA
2004-06-28,73.64583333,-0.073,1206.666667,786.6666667,NA,NA,NA,NA,"daughter reactor shut down on this day: disfunctional stir plate, new stir plate due next week"
2004-06-29,72.06597222,-0.049,1417.333333,821.3333333,NA,NA,NA,NA,NA
2004-07-01,67.57070638,0.172,1344,784,NA,NA,NA,NA,NA
2004-07-02,63.74504714,0.077,1180,728,NA,NA,NA,NA,"after running the tests on the reactor today, the pH range was changed from 7, to around 7.5 to prevent growth of some non-PAOs"
2004-07-05,76.17843968,-0.215,1624,961.3333333,NA,NA,NA,NA,NA
2004-07-06,52.87839141,0.308,928,661.3333333,NA,NA,NA,NA,"On this day, during wasting cycle, reactor appeared as if detergent had been added to it with massive amouts of bubbles forming at the surface with a scum."
2004-07-07,15.88279851,5.399,668,556,NA,NA,NA,NA,"Today, the acetate feed was scaled back to 12mL to decrease the F/M ratio due to lower solids recorded (7/7)"
2004-07-08,17.44938714,7.929,616,381.3333333,NA,NA,NA,NA,NA
2004-07-09,20.34155075,3.61,640,434.6666667,NA,NA,NA,NA,"On this day, acetate feeding was scaled back to 5mL per cycle to promote recovery and kill off non-PAOs (at 5:00 pm)"
2004-07-12,9.01390993,-0.145,446.6666667,361.3333333,NA,NA,NA,NA,"On this morning, at 6:00 am, it was discovered that by some mishap, all remaining 130 mL of acetate had been dumped into the reactor, thus, acetate feed was scaled back to 4 mL per cycle"
2004-07-13,21.18509847,0.067,478.6666667,333.3333333,NA,NA,NA,NA,NA
2004-07-14,20.46205757,0.092,442.6666667,253.3333333,NA,NA,NA,NA,"acetate feed increased to 5 mL per cycle"
2004-07-15,20.25684932,0.168,385.3333333,248,NA,NA,NA,NA,"acetate feed increased to 6 mL per cycle"
2004-07-16,18.3390411,0.168,402.6666667,250.6666667,NA,NA,NA,NA,"acetate feed increased to 6.5 mL per cycle"
2004-07-19,19.77739726,0.048,397.3333333,250.6666667,NA,NA,NA,NA,"acetate feed increased to 7.5 mL per cycle"
2004-07-20,23.01369863,0.096,402.6666667,261.3333333,NA,NA,NA,NA,"acetate feed increased to 8.5 mL per cycle"
2004-07-21,24.33219178,0.072,420,248,NA,NA,NA,NA,"acetate feed increased to 9 mL per cycle"
2004-07-22,22.17465753,0.048,434.6666667,277.3333333,NA,NA,NA,NA,"acetate feed increased to 9.5 mL per cycle"
2004-07-23,26.01027397,0.072,422.6666667,262.6666667,NA,NA,NA,NA,"acetate feed increased to 10 mL per cycle"
2004-07-26,34.40068493,0.12,490.6666667,286.6666667,NA,NA,NA,NA,"acetate feed increased to 12 mL per cycle"
2004-07-27,39.91438356,0.048,NA,NA,NA,NA,NA,NA,"acetate feed increased to 12.5 mL per cycle"
2004-07-28,42.79109589,0.12,612,364,NA,NA,NA,NA,"acetate feed increased to 13 mL per cycle"
2004-07-29,43.99551066,0.059,642.6666667,368,NA,NA,NA,NA,"acetate feed increased to 13.5 mL per cycle"
2004-07-30,45.7140853,0.01,640,394.6666667,NA,NA,NA,NA,"acetate feed increased to 14 mL per cycle"
2004-08-02,52.58838384,-0.015,797.3333333,500,NA,NA,NA,NA,"acetate feed increased to 16 mL per cycle"
2004-08-03,57.00757576,0.034,805.3333333,496,NA,NA,NA,NA,"acetate feed increased to 17 mL per cycle"
2004-08-04,55.65726712,0.108,828,498.6666667,NA,NA,NA,NA,"acetate feed increased to 18 mL per cycle"
2004-08-05,62.16329966,0.255,868,522.6666667,NA,NA,NA,NA,"acetate feed increased to 19 mL per cycle"
2004-08-06,62.40881033,0.01,816,497.3333333,NA,NA,NA,NA,"acetate feed increased to 20 mL per cycle"
2004-08-09,64.52581447,0.101,981.3333333,581.3333333,NA,NA,NA,NA,NA
2004-08-10,67.9079238,1.527,998.6666667,598.6666667,NA,NA,NA,NA,NA
2004-08-11,59.21107123,-0.043,976,593.3333333,NA,NA,NA,NA,NA
2004-08-12,68.02871342,-0.092,1021.333333,605.3333333,NA,NA,NA,NA,NA
2004-08-13,68.51187189,-0.092,1009.333333,588,NA,NA,NA,NA,NA
2004-08-18,63.07633904,-0.019,1066.666667,646.6666667,NA,NA,NA,NA,NA
2004-08-19,65.12976256,0.053,1074.666667,637.3333333,NA,NA,NA,NA,NA
2004-08-20,61.79154659,-0.01,1084,666.6666667,NA,NA,NA,NA,NA
2004-08-23,61.79154659,0.086,1009.333333,610.6666667,NA,NA,NA,NA,NA
2004-08-24,63.35254563,-0.01,1014.666667,598.6666667,NA,NA,NA,NA,NA
2004-08-26,61.67146974,1.472,1137.333333,694.6666667,NA,NA,NA,NA,"The waste pumps did not work. I manually waste 400 mL instead. "
2004-08-27,55.66762728,-0.106,NA,NA,NA,NA,NA,NA,NA
2004-08-30,60.95100865,-0.058,1088,682.6666667,NA,NA,NA,NA,NA
2004-09-01,65.51392891,-0.058,NA,NA,NA,NA,NA,NA,NA
2004-09-03,61.37152778,-0.024,NA,NA,NA,NA,NA,NA,NA
2004-09-07,66.96180556,0.146,1044,629.3333333,NA,NA,NA,NA,NA
2004-09-09,66.96180556,0.049,954.6666667,585.3333333,NA,NA,NA,NA,NA
2004-09-14,66.96180556,0.049,954.6666667,585.3333333,NA,NA,NA,NA,NA
2004-09-17,58.45486111,-0.049,1093.333333,641.3333333,NA,NA,NA,NA,NA
2004-09-21,65.13888889,0.073,1068,612,NA,NA,NA,NA,NA
2004-09-23,64.53125,0,1098.666667,640,NA,NA,NA,NA,NA
2004-09-27,78.14236111,0.049,1250.666667,712,NA,NA,NA,NA,NA
2004-09-30,68.17708333,0.024,1132,658.6666667,NA,NA,NA,NA,NA
2004-10-05,66.35416667,0.024,1022.666667,610.6666667,NA,NA,NA,NA,NA
2004-10-07,67.11758949,0.039,985.3333333,569.3333333,NA,NA,NA,NA,NA
2004-10-12,62.46854027,0.015,1056,604,NA,NA,NA,NA,NA
2004-10-14,68.09633669,0.113,1044,613.3333333,NA,NA,NA,NA,NA
2004-10-19,66.87290268,-0.034,1028,602.6666667,NA,NA,NA,NA,NA
2004-10-21,56.84074385,-0.059,1077.333333,641.3333333,NA,NA,NA,NA,NA
2004-10-26,47.90967562,0.015,924,536,NA,NA,NA,NA,"on the previous day, it was discovered that a crack had released the pressure in the nutrient tubing, so there was no nutrient fed for four cycles"
2004-10-28,42.4042226,-0.083,NA,NA,NA,NA,NA,NA,NA
2004-11-02,36.16470917,0.015,NA,NA,NA,NA,NA,NA,NA
2004-11-04,46.44155481,0.015,933.3333333,566.6666667,NA,NA,NA,NA,NA
2004-11-09,48.76607942,0.015,962.6666667,525.3333333,NA,NA,NA,NA,NA
2004-11-11,49.25545302,0.064,961.3333333,542.6666667,NA,NA,NA,NA,NA
2004-11-16,41.79250559,0.015,1032,584,NA,NA,NA,NA,NA
2004-11-20,53.65981544,-0.059,NA,NA,NA,NA,NA,NA,NA
2004-11-23,61.97916667,-0.083,1049.333333,609.3333333,NA,NA,NA,NA,NA
2004-11-28,57.57480425,-0.01,NA,NA,NA,NA,NA,NA,NA
2004-12-02,59.28761186,0.039,NA,NA,NA,NA,NA,NA,NA
2004-12-07,51.45763423,-0.083,1008,608,NA,NA,NA,NA,NA
2004-12-09,55.73965324,8.97,986.6666667,616,NA,NA,NA,NA,NA
2004-12-13,41.08716944,6.454,889.3333333,606.6666667,NA,NA,NA,NA,NA
2004-12-17,56.63565132,-0.034,NA,NA,NA,NA,NA,NA,NA
2004-12-21,63.49167483,0.015,1076,661.3333333,NA,NA,NA,NA,NA
2004-12-29,65.81782566,0.015,NA,NA,NA,NA,NA,NA,NA
2005-01-04,58.3496572,0.064,929.3333333,682.6666667,NA,NA,NA,NA,"Did not get enough oxygen in previous cycles. Phosphorus at end of aerobic was high as ~4mg/L and 9 mg/L in previous cycles. "
2005-01-05,66.79725759,-0.108,NA,NA,NA,NA,NA,NA,NA
2005-01-10,70.59255632,NA,1165.333333,684,NA,NA,NA,NA,NA
2005-01-12,64.59353575,0.064,832,729.3333333,NA,NA,NA,NA,"R1 seemed to be getting less oxygen on this day, this may have caused insufficient P uptake, causing high VSS/TSS; air to R2 was clamped slightly to solve this problem"
2005-01-18,68.75612145,-0.01,1086.666667,682.6666667,NA,NA,NA,NA,NA
2005-01-20,67.77668952,-0.01,1117.333333,637.3333333,NA,NA,NA,NA,NA
2005-01-25,66.06268364,-0.034,1068,605.3333333,NA,NA,NA,NA,NA
2005-01-27,48.6777669,23.962,877.3333333,577.3333333,NA,NA,NA,NA,"when I arrived today, all of R1's base solution was gone, however, pH was in range, suspected that too much CO2 flow from new aeration stone, stone was then changed, recovery seems to be in quick process"
2005-02-01,63.00195886,-0.01,1230.666667,700,NA,NA,NA,NA,NA
2005-02-03,63.49167483,0.015,1154.666667,644,NA,NA,NA,NA,"Lysis of cells in R1 occurred over 2/6-2/7.  Also on 2/7, the timer for the mixers had clonked out and settling occurred for at least two complete cycles, mixers now controlled by Chrontroller"
2005-02-08,10.35749265,4.791,408,308,NA,NA,NA,NA,"R1 decreased to one half normal loadings"
2005-02-10,10.60235064,5.01,413.3333333,286.6666667,NA,NA,NA,NA,NA
2005-02-11,10.47992165,3.471,NA,NA,NA,NA,NA,NA,NA
2005-02-15,20.64152791,0.464,477.3333333,282.6666667,NA,NA,NA,NA,"no wasting on Saturday, 2/12, affecting SRT"
2005-02-17,31.04799216,0.342,597.3333333,365.3333333,NA,NA,NA,NA,"R1 increased to three fourths normal loadings"
2005-02-20,43.65817826,NA,NA,NA,NA,NA,NA,NA,NA
2005-02-24,51.98334966,-0.024,948,554.6666667,NA,NA,NA,NA,"R1 increased to full loading conditions"
2005-02-28,66.06268364,NA,NA,NA,NA,NA,NA,NA,NA
2005-03-03,61.53281097,-0.049,1124,652,NA,NA,NA,NA,NA
2005-03-08,66.06268364,0.024,1056,602.6666667,NA,NA,NA,NA,NA
2005-03-10,65.45053869,-0.024,1012,628,NA,NA,NA,NA,NA
2005-03-14,65.20568071,NA,NA,NA,NA,NA,NA,NA,"random event causing high P effluent, not sure of cause"
2005-03-17,44.63761019,0.029,1008,634.6666667,NA,NA,NA,NA,"low P release"
2005-03-22,59.57394711,0.078,980,562.6666667,NA,NA,NA,NA,NA
2005-03-24,69.36826641,0.102,NA,NA,NA,NA,NA,NA,NA
2005-03-29,56.02350637,-0.068,1166.666667,718.6666667,NA,NA,NA,NA,"R1 observed to be at pH = 4 for approximatley 1.5 hours"
2005-03-30,35.08814887,0.029,NA,NA,NA,NA,NA,NA,NA
2005-03-31,49.77962782,0.029,NA,NA,NA,NA,NA,NA,NA
2005-04-01,51.00391773,3.163,NA,NA,NA,NA,NA,NA,NA
2005-04-05,14.15279138,11.908,649.3333333,552,NA,NA,NA,NA,"R1's Ac- and P loadings were reduced to half of normal"
2005-04-07,11.70421156,11.033,482.6666667,406.6666667,NA,NA,NA,NA,NA
2005-04-12,9.010773751,5.543,356,285.3333333,NA,NA,NA,NA,NA
2005-04-14,7.541625857,4.815,358.6666667,273.3333333,NA,NA,NA,NA,NA
2005-04-18,8.521057786,3.551,NA,NA,NA,NA,NA,NA,NA
2005-04-21,6.80705191,4.596,316,234.6666667,NA,NA,NA,NA,"R1's loadings reduced to 25%"
2005-04-25,6.80705191,4.11,NA,NA,NA,NA,NA,NA,NA
2005-04-28,6.439764936,3.697,229.3333333,170.6666667,NA,NA,NA,NA,NA
2005-05-05,16.42143254,0.112,442.6666667,276,NA,NA,NA,NA,"R1's feed increased to 50% of normal feed on 5/7/2005"
2005-05-11,21.40130483,0.033,546.6666667,369.3333333,NA,NA,NA,NA,"R1's feed increased to 75% of normal after tests were performed on 5/11/2005"
2005-05-17,17.63603554,0.24,516,378.6666667,NA,NA,NA,NA,"R1's feed reduced to 50% of normal after seeing results of tests today"
2005-05-18,16.54289284,0.095,NA,NA,NA,NA,NA,NA,NA
2005-05-19,19.21501943,0.098,441.3333333,300,NA,NA,NA,NA,NA
2005-05-25,NA,NA,NA,NA,"seed","sludge",NA,"date obtained from R1_TSSVSS file",NA
2005-05-26,23.22320933,-0.019,537.3333333,338.6666667,NA,NA,NA,NA,"R1 started at 50% feed and increased to 75% feed on 5/29/2005"
2005-05-31,39.37742921,0.005,732,453.3333333,NA,NA,NA,NA,NA
2005-06-02,43.75,-0.044,834.6666667,510.6666667,NA,NA,NA,NA,"R1 increased to 100% feed on 6/3/2005"
2005-06-06,59.41837868,-0.019,1036,625.3333333,NA,NA,NA,NA,NA
2005-06-08,59.90421988,-0.044,1088,652,NA,NA,NA,NA,NA
2005-06-14,55.04580788,0.199,1136,668,NA,NA,NA,NA,NA
2005-06-16,56.13895058,0.005,1133.333333,692,NA,NA,NA,NA,NA
2005-06-21,58.90971846,0.152,1162.666667,698.6666667,NA,NA,NA,NA,NA
2005-06-23,55.83040065,0.081,1162.666667,684,NA,NA,NA,NA,NA
2005-06-27,52.82202692,0.567,997.3333333,558.6666667,NA,NA,NA,NA,NA
2005-06-29,55.46553145,-0.034,1076,621.3333333,NA,NA,NA,NA,NA
2005-07-05,47.53501785,0.159,1204,694.6666667,NA,NA,NA,NA,NA
2005-07-07,60.51222192,0.038,1421.333333,901.3333333,NA,NA,NA,NA,NA
2005-07-12,20.25885746,0.183,1053.333333,909.3333333,NA,NA,NA,NA,NA
2005-07-14,28.42968965,-0.034,497.3333333,360,NA,NA,NA,NA,NA
2005-07-18,46.21326559,0.014,925.3333333,554.6666667,NA,NA,NA,NA,NA
2005-07-20,40.44561934,0.519,976,630.6666667,NA,NA,NA,NA,NA
2005-07-26,61.2331777,2.682,858.6666667,552,NA,NA,NA,NA,NA
2005-07-28,13.52993683,0.591,932,573.3333333,NA,NA,NA,NA,NA
2005-08-02,62.07429278,6.719,1213.333333,744,NA,NA,NA,NA,NA
2005-08-04,65.91939028,4.34,1054.666667,637.3333333,NA,NA,NA,NA,NA
2005-08-09,56.18648723,4.436,1156,708,NA,NA,NA,NA,NA
2005-08-11,57.86871739,0.904,1006.666667,649.3333333,NA,NA,NA,NA,NA
2005-08-15,55.22521285,5.854,1200,765.3333333,NA,NA,NA,NA,NA
2005-08-18,53.66314199,0.687,1124,724,NA,NA,NA,NA,NA
2005-08-23,37.08115902,2.538,1122.666667,733.3333333,NA,NA,NA,NA,NA
2005-08-25,56.90744301,3.643,1134.666667,673.3333333,NA,NA,NA,NA,NA
2005-08-31,62.79524856,10.108,921.3333333,552,NA,NA,NA,NA,NA
2005-09-01,43.93023895,21.907,749.3333333,498.6666667,NA,NA,NA,NA,NA
2005-09-08,33.59653941,18.639,742.6666667,556,NA,NA,NA,NA,NA
2005-09-09,34.0771766,17.606,737.3333333,550.6666667,NA,NA,NA,NA,NA
2005-09-15,55.34537215,9.363,884,525.3333333,NA,NA,NA,NA,NA
2005-09-16,33.35622082,6.431,842.6666667,461.3333333,NA,NA,NA,NA,NA
2005-09-20,18.33630871,4.556,514.6666667,228,NA,NA,NA,NA,NA
2005-09-22,14.13073332,3.595,466.6666667,224,NA,NA,NA,NA,NA
2005-09-27,25.78618511,2.273,748,412,"seed",NA,NA,"R1 inoculated. 50% feed","R1 inoculated. 50% feed"
2005-09-30,26.2668223,2.225,816,460,NA,NA,NA,NA,NA
2005-10-05,26.98777808,2.394,829.3333333,445.3333333,NA,NA,NA,NA,NA
2005-10-06,31.55383137,1.336,536,252,NA,NA,NA,NA,NA
2005-10-13,35.15861027,1.12,650.6666667,405.3333333,NA,NA,NA,NA,NA
2005-10-14,35.87956605,1.216,685.3333333,438.6666667,NA,NA,NA,NA,NA
2005-10-20,41.8875309,1.168,676,433.3333333,NA,NA,NA,NA,NA
2005-10-22,40.68593793,1.312,730.6666667,474.6666667,NA,NA,NA,NA,NA
2005-10-25,47.17453996,1.072,766.6666667,488,NA,NA,NA,NA,NA
2005-10-27,46.57374348,1.168,741.3333333,472,NA,NA,NA,NA,NA
2005-11-01,49.09708871,1.024,781.3333333,466.6666667,NA,NA,NA,NA,NA
2005-11-03,50.53900027,0.928,773.3333333,456,NA,NA,NA,NA,NA
2005-11-08,51.50027465,1.072,804,456,NA,NA,NA,NA,NA
2005-11-10,51.38011535,0.856,818.6666667,470.6666667,NA,NA,NA,NA,NA
2005-11-15,52.34138973,0.591,854.6666667,493.3333333,NA,NA,NA,NA,NA
2005-11-17,52.82202692,0.856,877.3333333,542.6666667,NA,NA,NA,NA,NA
2005-11-30,53.4228234,1.384,936,584,NA,NA,NA,NA,NA
2005-12-08,55.10505356,0.88,980,594.6666667,NA,NA,NA,NA,NA
2005-12-13,60.18221167,0.454,968,606.6666667,NA,NA,NA,NA,NA
2005-12-14,60.42655683,0.723,974.6666667,592,NA,NA,NA,NA,NA
2006-01-04,51.8744764,0.088,NA,NA,NA,NA,NA,NA,NA
2006-01-06,55.41748115,0.21,1245.333333,761.3333333,NA,NA,NA,NA,NA
2006-01-10,54.19575538,0.039,NA,NA,NA,NA,NA,NA,NA
2006-01-19,55.29530857,0.064,1028,704,NA,NA,NA,NA,NA
2006-01-24,54.31792795,-0.034,940,558.6666667,NA,NA,NA,NA,NA
2006-01-26,52.9740296,-0.108,984,418.6666667,NA,NA,NA,NA,NA
2006-01-31,54.31792795,NA,1036,598.6666667,NA,NA,NA,NA,NA
2006-02-02,54.0735828,1.554,1029.333333,552,NA,NA,NA,NA,NA
2006-02-08,58.47179559,6.245,1185.333333,713.3333333,NA,NA,NA,NA,NA
2006-02-09,58.9604859,0.21,1056,626.6666667,NA,NA,NA,NA,NA
2006-02-17,60.91524714,4.828,1117.333333,661.3333333,NA,NA,NA,NA,NA
2006-02-23,45.15498464,0.381,1185.333333,725.3333333,NA,NA,NA,NA,NA
2006-02-24,51.8744764,0.283,1066.666667,653.3333333,NA,NA,NA,NA,NA
2006-03-02,50.65275063,1.016,1233.333333,710.6666667,NA,NA,NA,NA,NA
2006-03-03,54.0735828,0.552,968,622.6666667,NA,NA,NA,NA,NA
2006-03-07,70.20036303,1.847,934.6666667,609.3333333,NA,NA,NA,NA,NA
2006-03-13,64.33607931,11.817,NA,NA,NA,NA,NA,NA,NA
2006-03-15,51.50795867,2.312,1201.333333,660,NA,NA,NA,NA,NA
2006-03-17,58.59396817,-0.01,NA,NA,NA,NA,NA,NA,NA
2006-03-24,70.07819045,4.071,986.6666667,598.6666667,NA,NA,NA,NA,NA
2006-03-30,73.98771293,5.683,1290.666667,729.3333333,NA,NA,NA,NA,NA
2006-04-06,65.80215024,8.493,921.3333333,610.6666667,NA,NA,NA,NA,NA
2006-04-11,62.87000838,3.851,910.6666667,613.3333333,NA,NA,NA,NA,NA
2006-04-14,52.72968445,NA,NA,NA,NA,NA,NA,NA,NA
2006-04-18,48.89910077,1.865,1005.333333,562.6666667,NA,NA,NA,NA,NA
2006-04-20,63.82570748,2.421,1093.333333,576,NA,NA,NA,NA,NA
2006-04-27,47.16344882,1.518,1292,628,NA,NA,NA,NA,NA
2006-05-04,48.08912986,2.583,1149.333333,530.6666667,NA,NA,NA,NA,NA
2006-05-10,65.32993917,10.798,1153.333333,630.6666667,NA,NA,NA,NA,NA
2006-05-16,57.34594023,-0.056,NA,NA,NA,NA,NA,NA,NA
2006-05-19,52.9489553,-0.079,NA,NA,NA,NA,NA,NA,NA
2006-05-24,61.97434541,29.312,621.3333333,469.3333333,NA,NA,NA,NA,NA
2006-05-26,NA,8.229,NA,NA,NA,NA,NA,NA,NA
2006-05-27,NA,27.761,NA,NA,NA,NA,NA,NA,NA
2006-05-28,NA,20.263,NA,NA,NA,NA,NA,NA,NA
2006-05-29,38.13805871,17.278,258.6666667,208,NA,NA,NA,NA,NA
2006-05-30,NA,27.159,844,704,NA,NA,NA,NA,NA
2006-05-30,NA,27.159,844,704,NA,NA,NA,NA,NA
2006-05-30,NA,27.159,844,704,NA,NA,NA,NA,NA
2006-05-30,NA,16.398,844,704,NA,NA,NA,NA,NA
2006-05-30,NA,16.398,844,704,NA,NA,NA,NA,NA
2006-05-30,NA,16.398,844,704,NA,NA,NA,NA,NA
2006-05-30,NA,11.215,844,704,NA,NA,NA,NA,NA
2006-05-30,NA,11.215,844,704,NA,NA,NA,NA,NA
2006-05-30,NA,11.215,844,704,NA,NA,NA,NA,NA
2006-05-30,NA,11.215,844,704,NA,NA,NA,NA,NA
2006-05-30,NA,11.215,844,704,NA,NA,NA,NA,NA
2006-05-30,NA,11.215,844,704,NA,NA,NA,NA,NA
2006-05-30,NA,27.159,844,704,NA,NA,NA,NA,NA
2006-05-30,NA,27.159,844,704,NA,NA,NA,NA,NA
2006-05-30,NA,27.159,844,704,NA,NA,NA,NA,NA
2006-05-30,NA,16.398,844,704,NA,NA,NA,NA,NA
2006-05-30,NA,16.398,844,704,NA,NA,NA,NA,NA
2006-05-30,NA,16.398,844,704,NA,NA,NA,NA,NA
2006-05-30,NA,11.215,844,704,NA,NA,NA,NA,NA
2006-05-30,NA,11.215,844,704,NA,NA,NA,NA,NA
2006-05-30,NA,11.215,844,704,NA,NA,NA,NA,NA
2006-05-30,NA,27.159,844,704,NA,NA,NA,NA,NA
2006-05-30,NA,27.159,844,704,NA,NA,NA,NA,NA
2006-05-30,NA,27.159,844,704,NA,NA,NA,NA,NA
2006-05-30,NA,16.398,844,704,NA,NA,NA,NA,NA
2006-05-30,NA,16.398,844,704,NA,NA,NA,NA,NA
2006-05-30,NA,16.398,844,704,NA,NA,NA,NA,NA
2006-06-02,30.03834964,14.64,NA,NA,NA,NA,NA,NA,NA
2006-06-03,31.77400159,15.774,580,480,NA,NA,NA,NA,NA
2006-06-05,22.51719122,10.636,612,480,NA,NA,NA,NA,NA
2006-06-06,NA,10.289,NA,NA,NA,NA,NA,NA,NA
2006-06-07,25.40994446,10.034,NA,NA,NA,NA,NA,NA,NA
2006-06-08,25.06281407,10.891,NA,NA,NA,NA,NA,NA,"Acetate and nutrient feeds were reduced to 50%"
2006-06-09,14.18606189,3.994,NA,NA,NA,NA,NA,NA,NA
2006-06-11,17.54165565,6.054,NA,NA,NA,NA,NA,NA,NA
2006-06-12,12.10327956,3.601,NA,NA,NA,NA,NA,NA,NA
2006-06-13,14.07035176,5.661,NA,NA,NA,NA,NA,NA,NA
2006-06-14,17.54165565,5.429,357.3333333,236,NA,NA,NA,NA,NA
2006-06-16,15.11174293,6.609,NA,NA,"waste","R2",100,"100 mL R2 sludge added at 3:20PM","100 mL R2 sludge added at 3:20PM"
2006-06-17,28.99695848,-0.056,NA,NA,"waste","R2",500,"500 mL R2 sludge added at 9:30 AM","500 mL R2 sludge added at 9:30 AM"
2006-06-17,28.99695848,6.239,NA,NA,"waste","R2",500,"500 mL R2 sludge added at 9:30 AM","500 mL R2 sludge added at 9:30 AM"
2006-06-18,23.44287226,2.328,NA,NA,NA,NA,NA,NA,NA
2006-06-19,26.21991537,5.475,NA,NA,NA,NA,NA,NA,NA
2006-06-20,21.12866966,3.832,NA,NA,NA,NA,NA,NA,NA
2006-06-21,20.43440889,3.161,368,237.3333333,NA,NA,NA,NA,NA
2006-06-22,18.46733668,2.143,NA,NA,NA,NA,NA,NA,NA
2006-06-23,NA,6.748,NA,NA,NA,NA,NA,NA,NA
2006-06-24,15.34316318,5.637,NA,NA,NA,NA,NA,NA,"Biomass aggregate. The bulk liquid turned super clear and transparent. Note the nutrient feed contaminated"
2006-06-26,12.56612007,3.3,NA,NA,NA,NA,NA,NA,"Biomass still agregate"
2006-06-27,21.36008992,4.827,NA,NA,NA,NA,NA,NA,NA
2006-06-28,NA,0.5,NA,NA,NA,NA,NA,NA,"Biomass stopped aggregate"
2006-06-29,25.1785242,0.222,NA,NA,NA,NA,NA,NA,NA
2006-06-30,NA,0.13,404,309.3333333,NA,NA,NA,NA,NA
2006-07-06,31.54258133,0.176,661.3333333,397.3333333,NA,NA,NA,NA,NA
2006-07-12,43.46072468,4.295,1156,685.3333333,NA,NA,NA,NA,NA
2006-07-13,57.46165036,2.074,1165.333333,642.6666667,NA,NA,NA,NA,NA
2006-07-20,83.26500926,1.634,1200,662.6666667,NA,NA,NA,NA,NA
2006-07-21,75.97527109,20.495,1101.333333,696,NA,NA,NA,NA,NA
2006-07-28,56.0731288,4.434,1120,776,NA,NA,NA,NA,NA
2006-08-03,41.49365247,3.045,1132,737.3333333,NA,NA,NA,NA,NA
2006-08-10,45.08066649,1.125,1113.333333,625.3333333,NA,NA,NA,NA,NA
2006-08-16,50.28762232,2.027,1084,601.3333333,NA,NA,NA,NA,NA
2006-08-22,46.12205766,2.398,1012,634.6666667,NA,NA,NA,NA,NA
2006-09-01,16.73168474,17.417,652,537.3333333,NA,NA,NA,NA,"pH inconsistent all week. Nutrient and Acetate feed reduced to 50% "
2006-09-07,21.93864057,0.754,548,366.6666667,"waste","R2",NA,"Reactor inoculated from R2, Nutrient Feed at 50%","Reactor inoculated from R2, Nutrient Feed at 50%"
2006-09-12,35.01388522,0.06,554.6666667,360,NA,NA,NA,NA,"Nutrient Feed Increased to 75%"
2006-09-14,38.94802962,0.014,649.3333333,362.6666667,NA,NA,NA,NA,"Nutrient Feed Increased to 100%"
2006-09-19,55.61028828,3.092,814.6666667,438.6666667,NA,NA,NA,NA,NA
2006-09-21,60.58582386,0.199,892,461.3333333,NA,NA,NA,NA,NA
2006-09-26,60.58582386,0.106,1389.333333,754.6666667,NA,NA,NA,NA,NA
2006-09-28,58.04020101,0.176,1212,645.3333333,NA,NA,NA,NA,NA
2006-10-03,42.65075377,0.014,1273.333333,670.6666667,NA,NA,NA,NA,NA
2006-10-05,56.0731288,0.083,1168,600,NA,NA,NA,NA,NA
2006-10-12,63.82570748,5.383,1108,533.3333333,NA,NA,NA,NA,"All acid consumed during night. The volume was nearly 2.5 L in the reactor. The pH probe was calibrated and the problem ceased."
2006-10-19,52.1389844,0.315,1528,786.6666667,NA,NA,NA,NA,NA
2006-10-24,57.92449088,-0.009,1249.333333,662.6666667,NA,NA,NA,NA,NA
2006-10-26,59.89156308,-0.056,976,574.6666667,NA,NA,NA,NA,"50% Propaniote + 50% Acetate mixture started for reactor."
2006-11-03,55.37886802,0.199,937.3333333,537.3333333,NA,NA,NA,NA,NA
2006-11-09,54.1060566,0.338,937.3333333,569.3333333,NA,NA,NA,NA,NA
2006-11-14,46.23776779,4.642,893.3333333,470.6666667,NA,NA,NA,NA,NA
2006-11-16,45.31208675,0.106,1090.666667,612,NA,NA,NA,NA,NA
2006-11-21,35.93956625,0.268,1158.666667,636,NA,NA,NA,NA,NA
2006-11-30,58.61875165,0.037,1410.666667,857.3333333,NA,NA,NA,NA,"Nutrient feed made with half normal amount of Sodium Phosphate"
2006-12-05,34.66675483,0.014,1368,920,NA,NA,NA,NA,NA
2006-12-07,33.16252314,0.245,1228,798.6666667,NA,NA,NA,NA,NA
2006-12-12,16.26884422,0.245,1352,953.3333333,NA,NA,NA,NA,"On 12/17, Base feed timer randomly shut off. pH of reactor very acidic between 3-4"
2006-12-22,4.350700873,3.462,NA,NA,NA,NA,NA,NA,NA
2006-12-28,6.202062946,1.842,NA,NA,NA,NA,NA,NA,"When measured,the nutrient feed made on Dec 15th has P concentration of 30 mg/L. The desired P should be 70 mg/L. Something wrong when it is made"
2007-01-02,16.50026448,6.794,NA,NA,"waste","R2",500,"Dump R1 and reinoculate 500 mL from R2. Both acetate and P loadings are 50%. Replace the nutrient feed and measured and it is about 70 mg/L.               ","Dump R1 and reinoculate 500 mL from R2. Both acetate and P loadings are 50%.                                                                                       Replace the nutrient feed and measured and it is about 70 mg/L.               "
2007-01-04,26.56704576,-0.125,NA,NA,"waste","R2",500,"On Jan 3rd, another 500 mL from R2 was introduced to R1","On Jan 3rd, another 500 mL from R2 was introduced to R1"
2007-01-08,26.21991537,0.083,NA,NA,NA,NA,NA,NA,"On Jan 8th, acetate loading increased to 100% and P loading kept at 50%, so that COD:P is 28. "
2007-01-10,38.4851891,0.014,NA,NA,NA,NA,NA,NA,"Reactor performed very good since re-inoculate. There is nearly no attached growth :-)"
2007-01-12,36.17098651,-0.056,650.6666667,436,NA,NA,NA,NA,NA
2007-01-23,18.69875694,1.981,798.6666667,681.3333333,NA,NA,NA,NA,"On Jan 14th, the timer for base pump is off. pH is around 3 to 4."
2007-01-31,25.29423433,0.083,577.3333333,270.6666667,"waste","R2",NA,"Reinoculate from R2, Acetate at 50%, Nutrient Feed at 50%","Reinoculate from R2, Acetate at 50%, Nutrient Feed at 50%"
2007-02-02,31.88971172,-0.032,645.3333333,377.3333333,NA,NA,NA,NA,"Acetate  increased to 75%"
2007-02-06,30.61690029,0.014,549.3333333,406.6666667,NA,NA,NA,NA,NA
2007-02-07,35.3610156,0.292,684,452,NA,NA,NA,NA,NA
2007-02-15,54.33747686,0.153,1384,801.3333333,NA,NA,NA,NA,"On 2/9, Nutrient Feed made with 100% P. On 2/15, Acetate feed became contaminated."
2007-02-16,60.93295424,1.634,1058.666667,752,NA,NA,NA,NA,NA
2007-02-20,54.22176673,0.384,1196,718.6666667,NA,NA,NA,NA,NA
2007-02-22,61.04866437,0.454,1253.333333,714.6666667,NA,NA,NA,NA,NA
2007-02-28,55.72599841,0.153,1092,588,NA,NA,NA,NA,"Shades closed on 2/26."
2007-03-01,59.1973023,0.338,992,537.3333333,NA,NA,NA,NA,NA
2007-03-06,16.50026448,28.247,412,281.3333333,"waste",NA,NA,"Re-inocculated 3/4","Re-inocculated 3/4"
2007-03-08,17.42594552,14.084,389.3333333,332,NA,NA,NA,NA,NA
2007-03-13,29.92263951,7.327,360,225.3333333,NA,NA,NA,NA,"Ac and NF @ 75%"
2007-03-15,31.19545094,0.384,445.3333333,234.6666667,NA,NA,NA,NA,NA
2007-03-20,46.35347792,0.43,612,337.3333333,NA,NA,NA,NA,"Ac and NF @ 100%"
2007-03-22,44.38640571,0.014,626.6666667,358.6666667,NA,NA,NA,NA,NA
2007-03-27,60.93295424,2.12,804,488,NA,NA,NA,NA,NA
2007-03-29,58.27162126,-0.102,833.3333333,486.6666667,NA,NA,NA,NA,NA
2007-04-03,65.32993917,-0.056,1046.666667,608,NA,NA,NA,NA,NA
2007-04-06,65.21422904,-0.171,988,549.3333333,NA,NA,NA,NA,NA
2007-04-10,43.22930442,0.106,852,473.3333333,NA,NA,NA,NA,NA
2007-04-12,43.57643481,0.384,900,462.6666667,NA,NA,NA,NA,NA
2007-04-17,46.12205766,0.199,1094.666667,440,NA,NA,NA,NA,NA
2007-04-19,44.50211584,0.014,974.6666667,438.6666667,NA,NA,NA,NA,NA
2007-04-24,45.8906374,1.356,688,342.6666667,NA,NA,NA,NA,"Effluent Line clogged, reactor volume = 2.5L"
2007-04-26,51.32901349,0.037,860,402.6666667,NA,NA,NA,NA,NA
2007-05-01,59.89156308,0.477,1100,564,NA,NA,NA,NA,NA
2007-05-03,51.44472362,0.083,886.6666667,534.6666667,NA,NA,NA,NA,NA
2007-05-08,45.42779688,0.153,1017.333333,661.3333333,NA,NA,NA,NA,NA
2007-05-10,55.37886802,-0.032,1050.666667,605.3333333,NA,NA,NA,NA,NA
2007-05-15,55.95741867,-0.032,1241.333333,748,NA,NA,NA,NA,NA
2007-05-16,71.57828617,-0.056,NA,NA,NA,NA,NA,NA,"pH controled at 7.5-7.8 since 5/16. The P concentration was measure right after increase the operational pH"
2007-05-17,66.94988098,0.014,1016,524,NA,NA,NA,NA,NA
2007-05-22,69.03266332,-0.102,NA,NA,NA,NA,NA,NA,NA
2007-05-24,65.09851891,-0.171,697.3333333,384,NA,NA,NA,NA,"Acetate feeding was lower than expected. "
2007-05-29,89.39764613,1.217,1001.333333,574.6666667,NA,NA,NA,NA,NA
2007-06-01,91.82755885,-0.009,1045.333333,624,NA,NA,NA,NA,"Acetate feeding was 20% higher than it should be, although the pump was calibrated a few days ago"
2007-06-08,62.3214758,0.106,912,550.6666667,NA,NA,NA,NA,NA
2007-06-12,55.37886802,0.199,786.6666667,564,NA,NA,NA,NA,NA
2007-06-14,62.90002645,0.546,786.6666667,493.3333333,NA,NA,NA,NA,NA
2007-06-18,61.04866437,-0.079,1134.666667,948,NA,NA,NA,NA,"SRT Increased to 8 Days"
2007-06-21,65.67706956,0.014,1233.333333,820,NA,NA,NA,NA,NA
2007-06-26,88.70338535,0.523,1054.666667,778.6666667,NA,NA,NA,NA,NA
2007-06-28,81.41364718,0.315,2069.333333,1148,NA,NA,NA,NA,NA
2007-07-03,53.29608569,0.014,1085.333333,628,NA,NA,NA,NA,"6/30/2007 pH high due to bad pump head"
2007-07-09,59.77585295,9.363,697.3333333,464,NA,NA,NA,NA,NA
2007-07-10,62.20576567,1.865,881.3333333,506.6666667,NA,NA,NA,NA,NA
2007-07-12,55.95741867,-0.102,612,504,NA,NA,NA,NA,NA
2007-07-18,40.45226131,0.037,745.3333333,510.6666667,NA,NA,NA,NA,NA
2007-07-20,27.83985718,10.798,593.3333333,392,NA,NA,NA,NA,NA
2007-07-24,31.88971172,-0.056,514.6666667,378.6666667,NA,NA,NA,NA,NA
2007-08-01,31.54258133,0.315,561.3333333,426.6666667,NA,NA,NA,NA,NA
2007-08-09,38.25376884,10.312,577.3333333,416,NA,NA,NA,NA,NA
2007-08-14,36.5181169,8.322,1221.333333,950.6666667,NA,NA,NA,NA,"An aerobic profile obtained. P uptake was slower at the beginning of aerobic phase, correlated with 40% of acetate left at the end of anaerobic phase."
2007-08-15,41.37794234,-0.079,NA,NA,NA,NA,NA,NA,NA
2007-08-16,41.26223221,0.014,NA,NA,NA,NA,NA,NA,"Remake all stock solutions and nutrient feed"
2007-08-17,NA,5.799,NA,NA,NA,NA,NA,NA,"Change to 50% of acetate feeding, starting from 4:45 PM"
2007-08-19,47.97341973,3.115,NA,NA,NA,NA,NA,NA,"Change to 75% of acetate feeding, starting from 4:45 PM"
2007-08-21,44.7335361,8.831,NA,NA,NA,NA,NA,NA,"Acetate contaminated, change to a new bottle"
2007-08-22,38.71660936,6.309,NA,NA,NA,NA,NA,NA,NA
2007-08-23,49.47765141,3.647,NA,NA,NA,NA,NA,NA,"Overnight 500 mL of HCl consumption. pH was 8.0 at 9:20AM. pH probe checked and no problem.          Change acetate feedings to 100%"
2007-08-24,55.72599841,0.268,744,497.3333333,NA,NA,NA,NA,"Biomass aggregate to the bottom and bulk liquid was clear at 9:30AM. "
2007-08-27,57.69307062,-0.009,NA,NA,NA,NA,NA,NA,"Biomass aggregate to the bottom when checked around  9:00 AM. "
2007-08-28,55.37886802,0.153,NA,NA,NA,NA,NA,NA,"Stop adding filter solution"
2007-08-31,61.51150489,-0.009,981.3333333,664,NA,NA,NA,NA,"Sludge aggregate stopped"
2007-09-07,62.3214758,0.685,1338.666667,876,NA,NA,NA,NA,"Acetate contaminated, change to a new bottle"
2007-09-10,61.85863528,0.06,1172,769.3333333,NA,NA,NA,NA,NA
2007-09-14,60.81724412,0.037,1092,689.3333333,NA,NA,NA,NA,NA
2007-09-17,58.15591113,0.361,1141.333333,750.6666667,NA,NA,NA,NA,NA
2007-09-21,53.87463634,0.014,776,585.3333333,NA,NA,NA,NA,NA
2007-09-24,63.13144671,0.176,942.6666667,613.3333333,NA,NA,NA,NA,NA
2007-09-28,57.46165036,-0.009,NA,NA,NA,NA,NA,NA,NA
2007-10-01,56.0731288,0.292,1092,746.6666667,NA,NA,NA,NA,NA
2007-10-05,54.56889712,0.407,933.3333333,594.6666667,NA,NA,NA,NA,NA
2007-10-08,48.66768051,0.199,1272,878.6666667,NA,NA,NA,NA,NA
2007-10-12,51.21330336,-0.032,970.6666667,629.3333333,NA,NA,NA,NA,NA
2007-10-15,51.44472362,0.037,1236,868,NA,NA,NA,NA,NA
2007-10-19,52.48611478,0.407,1056,713.3333333,NA,NA,NA,NA,NA
2007-10-22,51.21330336,-0.056,1005.333333,725.3333333,NA,NA,NA,NA,NA
2007-10-26,51.09759323,-0.009,1145.333333,637.3333333,NA,NA,NA,NA,"10/23-25: Almost all sludge aggregating on reactor sides"
2007-10-29,52.02327427,0.153,956,670.6666667,NA,NA,NA,NA,NA
2007-11-02,56.30454906,0.43,850.6666667,596,NA,NA,NA,NA,"10-30: New nutrient feed made, previous feed measured 104mg/L P"
2007-11-05,46.58489818,0.06,1129.333333,846.6666667,NA,NA,NA,NA,NA
2007-11-09,57.80878075,0.083,989.3333333,700,NA,NA,NA,NA,NA
2007-11-12,57.69307062,-0.009,1145.333333,836,NA,NA,NA,NA,NA
2007-11-16,58.96588204,0.199,926.6666667,630.6666667,NA,NA,NA,NA,"11-15: New nutrient feed made"
2007-11-19,52.37040465,0.639,964,690.6666667,NA,NA,NA,NA,NA
2007-11-23,59.42872256,-0.056,NA,NA,NA,NA,NA,NA,"11-21: Acid and base both empty, pH around 8.2"
2007-11-26,58.27162126,0.083,928,597.3333333,NA,NA,NA,NA,NA
2007-11-30,57.11451997,-0.009,876,558.6666667,NA,NA,NA,NA,"11-28: Hole found in acid tubing, pH around 8.0   11-30: Acetate feeding shortened to 3.5 minutes (14ml/cycle)"
2007-12-03,39.17944988,0.06,534.6666667,332,NA,NA,NA,NA,NA
2007-12-07,46.58489818,0.292,1065.333333,585.3333333,NA,NA,NA,NA,NA
2007-12-10,55.14744777,-0.032,1034.666667,602.6666667,NA,NA,NA,NA,NA
2007-12-14,56.88309971,0.153,850.6666667,472,NA,NA,NA,NA,NA
2007-12-18,39.06373975,0.06,966.6666667,542.6666667,NA,NA,NA,NA,"12/15: Acetate contaminated"
2007-12-26,50.86617297,-0.056,704,370.6666667,NA,NA,NA,NA,"Acetate feed increased to 100% (COD:P=14) on Dec 26th after 3PM"
2007-12-28,67.18130124,-0.079,676,373.3333333,NA,NA,NA,NA,"The reactor wall-attached growth stopped"
2008-01-02,52.83324517,-0.032,NA,NA,NA,NA,NA,NA,"There is consumption of all 400-500 mL of acid/base on 12/30 and also on 12/31"
2008-01-04,59.77585295,-0.102,730.6666667,470.6666667,NA,NA,NA,NA,NA
2008-01-10,60.47011373,-0.056,821.3333333,486.6666667,NA,NA,NA,NA,"pH recording system installed on 1/4/08.               Acid tubing leaked on 1/4/08 night, pH=8 "
2008-01-21,58.04020101,0.338,861.3333333,510.6666667,NA,NA,NA,NA,NA
2008-01-25,52.9489553,-0.102,NA,NA,NA,NA,NA,NA,NA
2008-01-31,47.51057921,0.824,861.3333333,524,NA,NA,NA,NA,"4 mg/L nitrate added 1-29-08, ended 1-30-08"
2008-02-04,55.14744777,0.569,798.6666667,554.6666667,NA,NA,NA,NA,"pH meters were found to be off on 2/6/08.  pH is around 8 for previous few cycles."
2008-02-07,56.99880984,1.657,598.6666667,389.3333333,NA,NA,NA,NA,NA
2008-02-11,61.62721502,0.407,897.3333333,572,NA,NA,NA,NA,NA
2008-02-14,55.61028828,0.43,860,548,NA,NA,NA,NA,NA
2008-02-18,62.3214758,0.407,945.3333333,617.3333333,NA,NA,NA,NA,NA
2008-02-21,58.61875165,0.106,813.3333333,506.6666667,NA,NA,NA,NA,NA
2008-02-25,NA,NA,924,665.3333333,NA,NA,NA,NA,"sample taken at 12:45pm and tested on 2/26/08 due to lab clean up"
2008-02-28,49.70907167,0.13,800,534,NA,NA,NA,NA,"nutrient feed tubing replaced in pump head, nutrient feed flow rate was less than 0.4L/day"
2008-03-03,52.71753504,0.153,970.6666667,618.6666667,NA,NA,NA,NA,NA
2008-03-06,50.05620206,0.592,856,538.6666667,NA,NA,NA,NA,NA
2008-03-10,57.92449088,0.292,796,493.3333333,NA,NA,NA,NA,"Daylight savings caused aerobic sample to be taken one hour earlier due to conflicting school schedule"
2008-03-13,52.48611478,0.106,NA,NA,NA,NA,NA,NA,"R1 and R2 overflow sometime overnight, false dose of base solution to R2 (damaged pH probe), R2 basic (~pH 10 for several hours)"
2008-03-18,54.80031738,-0.009,NA,NA,NA,NA,NA,NA,NA
2008-03-21,53.64321608,0.083,796,504,NA,NA,NA,NA,NA
2008-03-24,49.13052103,-0.032,761.3333333,457.3333333,NA,NA,NA,NA,NA
2008-03-27,46.81631843,0.037,724,432,NA,NA,NA,NA,NA
2008-04-01,56.42025919,NA,NA,NA,NA,NA,NA,NA,NA
2008-04-03,49.59336154,0.5,726.6666667,474.6666667,NA,NA,NA,NA,"Leaky tubing was replaced in R2 acetate pumphead, R1 and R2 acetate flow rates were checked"
2008-04-07,53.99034647,0.361,824,514.6666667,NA,NA,NA,NA,NA
2008-04-10,54.56889712,0.106,696,408,NA,NA,NA,NA,NA
2008-04-14,63.13144671,0.176,830.6666667,492,NA,NA,NA,NA,NA
2008-04-17,63.13144671,0.083,861.3333333,521.3333333,NA,NA,NA,NA,NA
2008-04-21,73.31393811,0.754,934.6666667,577.3333333,NA,NA,NA,NA,NA
2008-04-24,39.52658027,-0.056,920,548,NA,NA,NA,NA,"R1 anaerobic soluble P was measured when R1 volume was 3L (effluent tube mistakenly removed instead of waste tube, for taking add'l biomass samples)"
2008-04-28,60.47011373,0.361,941.3333333,573.3333333,NA,NA,NA,NA,NA
2008-05-01,56.42025919,0.106,972,586.6666667,NA,NA,NA,NA,NA
2008-05-05,53.87463634,0.106,1002.666667,602.6666667,NA,NA,NA,NA,NA
2008-05-08,52.1389844,0.245,946.6666667,564,NA,NA,NA,NA,NA
2008-05-12,51.32901349,0.199,901.3333333,585.3333333,NA,NA,NA,NA,NA
2008-05-15,52.60182491,0.407,889.3333333,570.6666667,NA,NA,NA,NA,NA
2008-05-19,56.18883893,0.037,904,564,NA,NA,NA,NA,NA
2008-05-22,60.58582386,0.083,872,550,NA,NA,NA,NA,NA
2008-05-26,59.1973023,-0.009,869.3333333,550.6666667,NA,NA,NA,NA,NA
2008-05-29,60.47011373,0.014,860,549.3333333,NA,NA,NA,NA,NA
2008-06-02,51.32901349,-0.009,960,612,NA,NA,NA,NA,NA
2008-06-05,56.18883893,0.222,1001.333333,640,NA,NA,NA,NA,NA
2008-06-09,51.21330336,0.361,941.3333333,577.3333333,NA,NA,NA,NA,NA
2008-06-12,63.70999736,0.153,894.6666667,538.6666667,NA,NA,NA,NA,NA
2008-06-16,62.20576567,0.176,972,580,NA,NA,NA,NA,"R1 sol. P (after anaerobic) was measured at 11:50 am"
2008-06-19,45.31208675,0.083,945.3333333,621.3333333,NA,NA,NA,NA,NA
2008-06-23,63.82570748,-0.009,937.3333333,568,NA,NA,NA,NA,NA
2008-06-25,58.04020101,0.106,878.6666667,572,NA,NA,NA,NA,NA
2008-07-01,60.23869347,-0.079,906.6666667,537.3333333,NA,NA,NA,NA,NA
2008-07-04,65.90848982,0.014,NA,NA,NA,NA,NA,NA,NA
2008-07-07,52.48611478,-0.009,962.6666667,572,NA,NA,NA,NA,NA
2008-07-10,63.36286697,0.037,953.3333333,576,NA,NA,NA,NA,NA
2008-07-14,56.30454906,0.13,1041.333333,653.3333333,NA,NA,NA,NA,NA
2008-07-17,62.98900628,-0.37,1022.666667,649.3333333,NA,NA,NA,NA,"starting on this date, an updated set of soluble P standards is used"
2008-07-21,59.74086236,-0.245,966.6666667,664,NA,NA,NA,NA,NA
2008-07-24,61.1150771,-0.245,940,624,NA,NA,NA,NA,NA
2008-07-28,37.50356939,-0.245,848,660,NA,NA,NA,NA,"Nutrient feed tubing was leaking in pumphead, R1 may not have received the proper quantity of NF in the past day"
2008-07-31,52.86978869,0.08,870.6666667,610.6666667,NA,NA,NA,NA,NA
2008-08-04,59.1162193,-0.17,944,609.3333333,NA,NA,NA,NA,NA
2008-08-07,48.49728726,-0.27,914.6666667,569.3333333,NA,NA,NA,NA,NA
2008-08-11,58.49157624,-0.12,964,610.6666667,NA,NA,NA,NA,NA
2008-08-14,61.73972016,-0.412,908,564,NA,NA,NA,NA,NA
2008-08-19,63.23886351,-0.17,1038.666667,666.6666667,NA,NA,NA,NA,NA
2008-08-21,54.24400343,-0.145,980,597.3333333,NA,NA,NA,NA,NA
2008-08-25,68.73572244,-0.195,884,557.3333333,NA,NA,NA,NA,NA
2008-08-28,65.86236436,-0.12,785.3333333,469.3333333,NA,NA,NA,NA,NA
2008-09-05,66.2371502,-0.12,948,557.3333333,NA,NA,NA,NA,NA
2008-09-08,70.73458024,-0.045,996,597.3333333,NA,NA,NA,NA,NA
2008-09-12,63.61364934,0.455,954.6666667,642.6666667,NA,NA,NA,NA,"Pump for acid solution not working, pH ~ 8 for extended period of time."
2008-09-15,67.2365791,-0.07,1088,665.3333333,NA,NA,NA,NA,NA
2008-09-19,61.73972016,0.33,796,502.6666667,NA,NA,NA,NA,NA
2008-09-22,67.48643632,-0.195,1024,592,NA,NA,NA,NA,NA
2008-09-26,65.86236436,-0.295,902.6666667,533.3333333,NA,NA,NA,NA,NA
2008-09-29,60.49043404,-0.295,997.3333333,606.6666667,NA,NA,NA,NA,NA
2008-10-03,66.73686465,-0.245,930.6666667,586.6666667,NA,NA,NA,NA,NA
2008-10-06,67.48643632,-0.195,988,596,NA,NA,NA,NA,NA
2008-10-10,61.24000571,0.48,945.3333333,578.6666667,NA,NA,NA,NA,NA
2008-10-13,61.24000571,-0.245,1013.333333,606.6666667,NA,NA,NA,NA,NA
2008-10-17,61.1150771,0.555,1112,598.6666667,NA,NA,NA,NA,NA
2008-10-20,66.73686465,-0.12,1082.666667,620,NA,NA,NA,NA,NA
2008-10-24,76.85608224,-0.095,996,481.3333333,NA,NA,NA,NA,NA
2008-10-27,89.59880069,-0.12,1221.333333,740,NA,NA,NA,NA,"R1 volume only 1.7 L; R1 DI water not fully pumping; tubing in pump fixed"
2008-10-31,71.85893775,-0.02,926.6666667,581.3333333,NA,NA,NA,NA,NA
2008-11-05,70.60965163,-0.27,994.6666667,562.6666667,NA,NA,NA,NA,"reactor timers ahead of clock time by 1 hour from Daylight Savings; anaerobic soluble P sampled at 11:50am (reactor time)"
2008-11-07,70.10993718,-0.045,910.6666667,570.6666667,NA,NA,NA,NA,"reactor timers ahead of clock time by 1 hour from Daylight Savings"
2008-11-10,70.48472302,-0.22,1072,665.3333333,NA,NA,NA,NA,"reactor timers ahead of clock time by 1 hour from Daylight Savings"
2008-11-14,59.99071959,-0.245,912,545.3333333,NA,NA,NA,NA,"reactor timers ahead of clock time by 15 minutes from Daylight Savings"
2008-11-17,67.2365791,-0.02,852,489.3333333,NA,NA,NA,NA,"reactor timers match clock time; R1 reactor volume high (~2.3 L)"
2008-11-21,76.85608224,-0.345,1000,593.3333333,NA,NA,NA,NA,NA
2008-11-24,82.72772701,-0.12,1008,633.3333333,NA,NA,NA,NA,NA
2008-11-28,71.3592233,0.055,990.6666667,585.3333333,NA,NA,NA,NA,NA
2008-12-01,70.3597944,-0.195,986.6666667,606.6666667,NA,NA,NA,NA,"some growth on the side wall of R1"
2008-12-05,68.73572244,0.68,920,533.3333333,NA,NA,NA,NA,"some growth on the side wall of R1"
2008-12-08,69.86007995,1.229,1000,626.6666667,NA,NA,NA,NA,"some growth on the side wall of R1"
2008-12-12,63.23886351,0.63,912,494.6666667,NA,NA,NA,NA,"some growth on the side wall of R1"
2008-12-15,73.98272416,-0.17,1201.333333,716,NA,NA,NA,NA,"some growth on the side wall of R1"
2008-12-19,71.3592233,-0.195,1021.333333,634.6666667,NA,NA,NA,NA,NA
2008-12-22,65.86236436,-0.095,1078.666667,682.6666667,NA,NA,NA,NA,NA
2008-12-26,81.85322673,-0.095,973.3333333,569.3333333,NA,NA,NA,NA,NA
2008-12-30,71.10936608,5.052,718.6666667,538.6666667,NA,NA,NA,NA,NA
2009-01-02,67.86122216,-0.445,848,488,NA,NA,NA,NA,NA
2009-01-05,64.2382924,0.48,818.6666667,514.6666667,NA,NA,NA,NA,NA
2009-01-09,82.47786979,1.629,853.3333333,488,NA,NA,NA,NA,NA
2009-01-12,54.24400343,-0.12,842.6666667,632,NA,NA,NA,NA,NA
2009-01-16,68.61079383,-0.07,776,536,NA,NA,NA,NA,NA
2009-01-19,73.23315248,0.055,873.3333333,573.3333333,NA,NA,NA,NA,NA
2009-01-23,85.85094232,3.253,809.3333333,465.3333333,NA,NA,NA,NA,NA
2009-01-26,72.48358081,-0.145,1022.666667,577.3333333,NA,NA,NA,NA,NA
2009-01-29,68.61079383,-0.245,982.6666667,541.3333333,NA,NA,NA,NA,NA
2009-02-02,88.09965734,3.103,1118.666667,637.3333333,NA,NA,NA,NA,"acid/base solutions were drained, pH ~6.8 in R1 at 9:00am"
2009-02-05,70.3597944,-0.07,966.6666667,604,NA,NA,NA,NA,NA
2009-02-09,72.98329526,-0.145,1073.333333,613.3333333,NA,NA,NA,NA,NA
2009-02-13,74.73229583,-0.17,881.3333333,534.6666667,NA,NA,NA,NA,NA
2009-02-16,74.60736722,-0.145,1076,676,NA,NA,NA,NA,NA
2009-02-20,77.4807253,-0.22,812,477.3333333,NA,NA,NA,NA,NA
2009-02-23,85.47615648,9.525,1013.333333,745.3333333,NA,NA,NA,NA,"severe sidewall growth in R1 at 9:00am"
2009-02-26,69.23543689,0.13,969.3333333,606.6666667,NA,NA,NA,NA,NA
2009-03-02,71.98386636,-0.27,1085.333333,685.3333333,NA,NA,NA,NA,NA
2009-03-05,70.73458024,-0.02,913.3333333,581.3333333,NA,NA,NA,NA,NA
2009-03-09,69.61022273,-0.02,1002.666667,614.6666667,NA,NA,NA,NA,"timer adjusted 15 minutes ahead during settling (daylight savings)"
2009-03-12,62.48929183,-0.245,766.6666667,488,NA,NA,NA,NA,"Reactor Volume ~2.3 L, timer adjusted 15 minutes ahead during settling (daylight savings)"
2009-03-16,75.35693889,-0.07,970.6666667,601.3333333,NA,NA,NA,NA,NA
2009-03-19,80.85379783,-0.145,1024,710.6666667,NA,NA,NA,NA,NA
2009-03-23,69.86007995,0.305,1357.333333,1014.666667,NA,NA,NA,NA,NA
2009-03-26,62.36436322,-0.12,1028,705.3333333,NA,NA,NA,NA,NA
2009-03-30,54.74371788,0.13,1254.666667,908,NA,NA,NA,NA,NA
2009-04-02,46.87321531,0.38,1326.666667,994.6666667,NA,NA,NA,NA,NA
2009-04-06,51.12078812,-0.22,1452,1082.666667,NA,NA,NA,NA,NA
2009-04-09,60.74029126,-0.295,1390.666667,1058.666667,NA,NA,NA,NA,NA
2009-04-13,55.36836094,-0.245,1298.666667,924,NA,NA,NA,NA,NA
2009-04-16,60.74029126,-0.07,910.6666667,610.6666667,NA,NA,NA,NA,NA
2009-04-20,66.86179326,-0.045,986.6666667,637.3333333,NA,NA,NA,NA,NA
2009-04-23,62.61422045,0.105,888,542.6666667,NA,NA,NA,NA,NA
2009-04-27,75.4818675,-0.12,1032,657.3333333,NA,NA,NA,NA,NA
2009-04-30,68.98557967,-0.195,962.6666667,592,NA,NA,NA,NA,NA
2009-05-04,74.73229583,-0.245,1045.333333,632,NA,NA,NA,NA,NA
2009-05-07,69.73515134,-0.17,1005.333333,616,NA,NA,NA,NA,NA
2009-05-11,65.73743575,1.704,889.3333333,530.6666667,NA,NA,NA,NA,NA
2009-05-15,79.4795831,1.204,884,550.6666667,NA,NA,NA,NA,"Biomass on sidewall"
2009-05-18,79.72944032,0.879,925.3333333,625.3333333,NA,NA,NA,NA,NA
2009-05-21,84.10194175,0.38,904,565.3333333,NA,NA,NA,NA,"Biomass on sidewall"
2009-05-26,65.86236436,1.079,1272,849.3333333,NA,NA,NA,NA,NA
2009-05-28,51.49557396,35.984,930.6666667,752,NA,NA,NA,NA,"at 9:00am, acid/base solutions were drained and reactor pH ~9.0; as a result, P removal not performed (for aerobic soluble P, 50X dilution was necessary; this yielded 69.7 ug P/mL)"
2009-06-01,68.61079383,-0.195,1166.666667,838.6666667,NA,NA,NA,NA,NA
2009-06-04,76.73115363,-0.27,996,646.6666667,NA,NA,NA,NA,NA
2009-06-09,62.73914906,-0.045,882.6666667,506.6666667,NA,NA,NA,NA,NA
2009-06-11,68.48586522,0.105,814.6666667,453.3333333,NA,NA,NA,NA,NA
2009-06-16,62.23943461,0.18,681.3333333,392,NA,NA,NA,NA,NA
2009-06-18,74.85722444,0.255,782.6666667,429.3333333,NA,NA,NA,NA,NA
2009-06-22,79.97929754,-0.12,996,581.3333333,NA,NA,NA,NA,NA
2009-06-25,79.97929754,0.405,926.6666667,548,NA,NA,NA,NA,"N2 not on, fixed"
2009-06-29,69.36036551,0.005,920,513.3333333,NA,NA,NA,NA,NA
2009-07-01,70.10993718,0.08,932,544,NA,NA,NA,NA,NA
2009-07-09,67.11165049,0.705,718.6666667,444,NA,NA,NA,NA,"Biomass on sidewall"
2009-07-13,56.74257567,0.08,864,413.3333333,NA,NA,NA,NA,NA
2009-07-16,54.9935751,-0.195,738.6666667,398.6666667,NA,NA,NA,NA,NA
2009-07-20,51.74543118,-0.27,724,414.6666667,NA,NA,NA,NA,"Waste volume 1000ml"
2009-07-23,85.47615648,0.43,1037.333333,678.6666667,NA,NA,NA,NA,NA
2009-07-27,98.09394632,0.055,1168,740,NA,NA,NA,NA,NA
2009-08-03,72.23372359,0.005,1021.333333,666.6666667,NA,NA,NA,NA,NA
2009-08-06,74.35750999,-0.12,922.6666667,553.3333333,NA,NA,NA,NA,NA
2009-08-10,80.72886922,1.304,896,526.6666667,NA,NA,NA,NA,NA
2009-08-13,68.61079383,-0.195,790.6666667,465.3333333,NA,NA,NA,NA,NA
2009-08-17,72.73343804,0.005,820,482.6666667,NA,NA,NA,NA,NA
2009-08-20,85.10137065,-0.145,982.6666667,573.3333333,NA,NA,NA,NA,NA
2009-08-24,62.114506,0.33,850.6666667,552,NA,NA,NA,NA,NA
2009-08-27,34.75513992,0.879,1065.333333,693.3333333,NA,NA,NA,NA,NA
2009-08-31,36.75399772,0.287,1201.333333,788,NA,NA,NA,NA,NA
2009-09-03,73.98272416,0.08,1294.666667,824,NA,NA,NA,NA,NA
2009-09-03,73.98272416,0.48,1294.666667,824,NA,NA,NA,NA,NA
2009-09-08,73.60793832,NA,1044,637.3333333,NA,NA,NA,NA,NA
2009-09-10,77.73058252,1.079,1149.333333,701.3333333,NA,NA,NA,NA,NA
2009-09-14,76.73115363,NA,1021.333333,696,NA,NA,NA,NA,NA
2009-09-17,83.35237007,-0.095,1068,629.3333333,NA,NA,NA,NA,NA
2009-09-21,77.73058252,-0.145,1066.666667,661.3333333,NA,NA,NA,NA,"Reactor volume 1.7L, replaced pump head tubing"
2009-09-24,74.60736722,-0.095,901.3333333,546.6666667,NA,NA,NA,NA,NA
2009-09-28,78.10536836,-0.12,1042.666667,625.3333333,NA,NA,NA,NA,NA
2009-10-01,68.236008,0.005,950.6666667,518.6666667,NA,NA,NA,NA,NA
2009-10-05,65.73743575,-0.195,1084,646.6666667,NA,NA,NA,NA,NA
2009-10-08,74.10765277,0.055,868,648,NA,NA,NA,NA,NA
2009-10-12,74.98215306,0.08,866.6666667,664,NA,NA,NA,NA,NA
2009-10-15,56.74257567,-0.045,1040,632,NA,NA,NA,NA,"N2 valve closed"
2009-10-19,70.73458024,-0.22,948,612,NA,NA,NA,NA,NA
2009-10-22,74.35750999,-0.07,905.3333333,672,NA,NA,NA,NA,NA
2009-10-26,72.73343804,-0.07,945.3333333,705.3333333,NA,NA,NA,NA,NA
2009-10-30,74.10765277,0.68,1014.666667,766.6666667,NA,NA,NA,NA,NA
2009-11-02,72.3586522,-0.02,1052,689.3333333,NA,NA,NA,NA,NA
2009-11-05,81.97815534,0.505,844,714.6666667,NA,NA,NA,NA,NA
2009-11-09,42.62564249,-0.17,1001.333333,728,NA,NA,NA,NA,NA
2009-11-13,69.23543689,0.929,858.6666667,650.6666667,NA,NA,NA,NA,NA
2009-11-16,73.23315248,0.28,832,664,NA,NA,NA,NA,NA
2009-11-20,88.7243004,-0.045,877.3333333,677.3333333,NA,NA,NA,NA,NA
2009-11-24,75.60679612,1.279,892,606.6666667,NA,NA,NA,NA,NA
2009-12-01,67.61136493,-0.095,1080,653.3333333,NA,NA,NA,NA,NA
2009-12-03,75.23201028,-0.02,1089.333333,688,NA,NA,NA,NA,NA
2009-12-07,56.24286122,-0.195,900,569.3333333,NA,NA,NA,NA,"Acetate contaminated"
2009-12-10,68.48586522,-0.045,848,540,NA,NA,NA,NA,NA
2009-12-14,73.48300971,0.005,793.3333333,613.3333333,NA,NA,NA,NA,NA
2009-12-18,77.4807253,2.079,941.3333333,594.6666667,NA,NA,NA,NA,NA
2009-12-21,66.11222159,7.771,821.3333333,622.6666667,NA,NA,NA,NA,"pH 8.5, acid/base solution drained, fixed"
2009-12-28,85.10137065,-0.12,877.3333333,529.3333333,NA,NA,NA,NA,NA
2010-01-04,72.23372359,0.979,1200,798.6666667,NA,NA,NA,NA,NA
2010-01-11,22.2622787,17.14,645.3333333,613.3333333,NA,NA,NA,NA,"Severe acid/base pump problems. Recalibrated"
2010-01-14,35.00499714,1.554,496,369.3333333,"waste","R2",NA,"pH probe could not be calibrated, replaced, dumped reactor, reseeded with R2 sludge","pH probe could not be calibrated, replaced, dumped reactor, reseeded with R2 sludge"
2010-01-18,49.74657339,-0.095,884,592,NA,NA,NA,NA,"pH 8.2 acid base pumps turned off"
2010-01-21,58.24171902,0.605,877.3333333,562.6666667,NA,NA,NA,NA,NA
2010-01-25,60.86521987,-0.145,934.6666667,561.3333333,NA,NA,NA,NA,NA
2010-01-28,37.25371216,-0.145,-706.6666667,-82.66666667,"waste","R2",NA,"pH 14, acid/base dump, biomass on side, contents foamy and volume high. Reseeded with R2 sludge","pH 14, acid/base dump, biomass on side, contents foamy and volume high. Reseeded with R2 sludge"
2010-02-01,45.37407196,-0.12,672,417.3333333,NA,NA,NA,NA,NA
2010-02-04,62.23943461,-0.045,648,489.3333333,NA,NA,NA,NA,NA
2010-02-08,61.48986294,-0.045,817.3333333,497.3333333,NA,NA,NA,NA,NA
2010-02-11,38.25314106,-0.02,372,321.3333333,NA,NA,NA,NA,NA
2010-02-15,56.61764706,0.13,797.3333333,488,NA,NA,NA,NA,NA
2010-02-18,54.9935751,0.055,670.6666667,496,NA,NA,NA,NA,NA
2010-02-18,54.9935751,0.055,1265,830,NA,NA,NA,NA,NA
2010-02-22,51.12078812,0.205,757.3333333,492,NA,NA,NA,NA,NA
2010-02-25,46.12364363,0.155,698.6666667,550.6666667,NA,NA,NA,NA,NA
2010-03-02,53.9941462,0.105,698.6666667,530.6666667,NA,NA,NA,NA,NA
2010-03-04,55.993004,0.155,586.6666667,465.3333333,NA,NA,NA,NA,NA
2010-03-09,43.50014278,0.005,737.3333333,489.3333333,NA,NA,NA,NA,NA
2010-03-12,47.8726442,0.08,729.3333333,525.3333333,NA,NA,NA,NA,"Acetate contaminated"
2010-03-16,41.12649914,0.205,361.3333333,324,NA,NA,NA,NA,NA
2010-03-18,41.50128498,0.08,624,394.6666667,NA,NA,NA,NA,NA
2010-03-23,55.993004,0.38,765.3333333,510.6666667,NA,NA,NA,NA,NA
2010-03-25,41.50128498,0.105,714.6666667,582.6666667,NA,NA,NA,NA,NA
2010-03-30,64.36322102,1.429,897.3333333,554.6666667,NA,NA,NA,NA,NA
2010-04-06,NA,0.355,844,570.6666667,NA,NA,NA,NA,NA
2010-04-08,65.86236436,0.23,698.6666667,472,NA,NA,NA,NA,NA
2010-04-13,56.61764706,-0.12,777.3333333,500,NA,NA,NA,NA,NA
2010-04-15,64.2382924,0.005,820,541.3333333,NA,NA,NA,NA,NA
2010-04-20,56.9924329,-0.12,670.6666667,476,NA,NA,NA,NA,NA
2010-04-22,36.25428327,0.28,548,500,NA,NA,NA,NA,NA
2010-04-27,74.48243861,0.08,NA,481.3333333,NA,NA,NA,NA,NA
2010-04-29,73.10822387,-0.12,NA,533.3333333,NA,NA,NA,NA,NA
2010-04-29,73.10822387,-0.095,NA,533.3333333,NA,NA,NA,NA,NA
2010-05-04,71.23429469,NA,713.3333333,508,NA,NA,NA,NA,NA
2010-05-06,68.61079383,-0.095,684,448,NA,NA,NA,NA,NA
2010-05-11,72.60850942,0.255,720,488,NA,NA,NA,NA,"Biomass on side wall"
2010-05-13,58.11679041,0.03,NA,NA,NA,NA,NA,NA,NA
2010-05-20,71.10936608,-0.095,680,545.3333333,NA,NA,NA,NA,NA
2010-05-25,55.86807539,1.004,616,140,NA,NA,NA,NA,"Biomass on side wall"
2010-06-01,66.73686465,-0.045,604,572,NA,NA,NA,NA,"Biomass on side wall"
2010-06-03,64.48814963,0.03,793.3333333,465.3333333,NA,NA,NA,NA,"2ml sludge samples collected by settling not centrifugation"
2010-06-08,66.36207881,0.13,805.3333333,497.3333333,NA,NA,NA,NA,NA
2010-06-10,64.2382924,-0.07,688,412,NA,NA,NA,NA,NA
2010-06-15,52.9947173,1.054,834.6666667,581.3333333,NA,NA,NA,NA,NA
2010-06-17,54.9935751,0.155,569.3333333,458.6666667,NA,NA,NA,NA,NA
2010-06-22,72.60850942,0.355,781.3333333,470.6666667,NA,NA,NA,NA,"Biomass stuck on side wall"
2010-06-24,56.61764706,0.08,845.3333333,546.6666667,NA,NA,NA,NA,NA
2010-06-29,68.36093661,-0.145,848,525.3333333,NA,NA,NA,NA,"Biomass on side wall"
2010-07-01,63.61364934,0.655,893.3333333,494.6666667,NA,NA,NA,NA,NA
2010-07-06,47.49785837,1.179,778.6666667,530.6666667,NA,NA,NA,NA,NA
2010-07-08,55.993004,1.004,809.3333333,478.6666667,NA,NA,NA,NA,NA
2010-07-13,53.86921759,0.305,568,356,NA,NA,NA,NA,"Stir bar bumped too low, all contents settled"
2010-07-15,63.23886351,1.079,853.3333333,492,NA,NA,NA,NA,NA
2010-07-19,66.98672187,1.879,925.3333333,541.3333333,NA,NA,NA,NA,NA
2010-07-22,71.98386636,1.604,573.3333333,402.6666667,NA,NA,NA,NA,NA
2010-07-27,68.73572244,-0.145,1092,648,NA,NA,NA,NA,NA
2010-07-29,66.48700742,-0.095,717.3333333,528,NA,NA,NA,NA,NA
2010-08-03,62.48929183,-0.145,1053.333333,660,NA,NA,NA,NA,NA
2010-08-05,43.87492861,0.455,897.3333333,568,NA,NA,NA,NA,NA
2010-08-10,72.85836665,0.08,921.3333333,558.6666667,NA,NA,NA,NA,NA
2010-08-12,68.236008,0.705,664,505.3333333,NA,NA,NA,NA,NA
2010-08-17,46.49842947,5.752,500,309.3333333,NA,NA,NA,NA,NA
2010-08-19,63.73857796,7.501,530.6666667,304,NA,NA,NA,NA,"Acetate dump"
2010-08-24,2.023843518,2.354,429.3333333,397.3333333,NA,NA,NA,NA,NA
2010-08-27,4.522415762,0.655,362.6666667,349.3333333,NA,NA,NA,NA,"N2 tank turned off unexplainably"
2010-08-31,5.771701885,-0.22,345.3333333,273.3333333,NA,NA,NA,NA,"Acetate contaminated, N2 tank disturbed"
2010-09-02,20.88806396,1.979,257.3333333,201.3333333,NA,NA,NA,NA,"200ml acid/base dump"
2010-09-07,23.38663621,0.455,361.3333333,249.3333333,NA,NA,NA,NA,NA
2010-09-09,22.13735009,0.18,329.3333333,266.6666667,NA,NA,NA,NA,"Acetate contaminated, acetate and NF at 75%"
2010-09-13,36.12935465,-0.095,489.3333333,397.3333333,NA,NA,NA,NA,"Acetate contaminated"
2010-09-17,48.74714449,0.28,505.3333333,284,NA,NA,NA,NA,NA
2010-09-20,63.48872073,0.33,613.3333333,324,NA,NA,NA,NA,NA
2010-09-24,64.11336379,0.205,660,341.3333333,NA,NA,NA,NA,NA
2010-09-27,62.48929183,0.405,718.6666667,462.6666667,NA,NA,NA,NA,NA
2010-10-01,51.12078812,-0.045,770.6666667,416,NA,NA,NA,NA,"Acetate contaminated"
2010-10-04,56.86750428,-0.145,768,389.3333333,NA,NA,NA,NA,NA
2010-10-08,63.98843518,-0.045,793.3333333,381.3333333,NA,NA,NA,NA,NA
2010-10-11,53.74428898,0.055,729.3333333,381.3333333,NA,NA,NA,NA,"Acetate contaminated"
2010-10-15,47.99757282,0.03,726.6666667,389.3333333,NA,NA,NA,NA,NA
2010-10-18,60.86521987,-0.095,742.6666667,390.6666667,NA,NA,NA,NA,"Acetate contaminated"
2010-10-22,52.9947173,1.804,836,481.3333333,NA,NA,NA,NA,NA
2010-11-02,58.74143347,0.305,629.3333333,357.3333333,NA,NA,NA,NA,"Acetate contaminated"
2010-11-05,46.74828669,-0.02,612,401.3333333,NA,NA,NA,NA,NA
2010-11-08,47.8726442,-0.145,620,410.6666667,NA,NA,NA,NA,NA
2010-11-12,30.38263849,-0.245,582.6666667,466.6666667,NA,NA,NA,NA,NA
2010-11-16,36.75399772,-0.145,589.3333333,441.3333333,NA,NA,NA,NA,NA
2010-11-19,52.49500286,-0.22,677.3333333,466.6666667,NA,NA,NA,NA,NA
2010-11-23,49.62164477,-0.17,664,493.3333333,NA,NA,NA,NA,NA
2010-11-30,1.898914906,9.2,376,330.6666667,NA,NA,NA,NA,"Acid/base dump, pH 9.0, NF/acetate at 50%"
2010-12-03,10.76884637,2.154,206.6666667,170.6666667,NA,NA,NA,NA,NA
2010-12-06,3.398058252,4.103,209.3333333,162.6666667,NA,NA,NA,NA,"Acetate 
contaminated, acid/base dump"
2010-12-10,6.64620217,5.402,289.3333333,278.6666667,NA,NA,NA,NA,NA
2010-12-13,9.894346088,6.126,318.6666667,270.6666667,NA,NA,NA,NA,NA
2010-12-13,9.894346088,6.126,318.6666667,270.6666667,NA,NA,NA,NA,NA
2010-12-16,4.522415762,3.603,337.3333333,356,NA,NA,NA,NA,"No nitrogen 
bubbling"
2010-12-20,11.76827527,4.303,290.6666667,253.3333333,NA,NA,NA,NA,NA
2010-12-23,13.01756139,9.625,334.6666667,282.6666667,NA,NA,NA,NA,"Acid/base 
dump, acetate contaminated"
2010-12-27,29.00842376,-0.095,421.3333333,286.6666667,NA,NA,NA,NA,NA
2010-12-31,30.13278127,0.005,464,257.3333333,NA,NA,NA,NA,NA
2011-01-04,44.62450029,0.18,661.3333333,397.3333333,NA,NA,NA,NA,"Acetate 
contaminated"
2011-01-07,47.37292975,-0.12,177.3333333,-94.66666667,NA,NA,NA,NA,"Acetate
 contaminated, low acid/base solutions"
2011-01-10,43.50014278,0.43,564,350.6666667,NA,NA,NA,NA,NA
2011-01-13,49.49671616,-0.245,506.6666667,242.6666667,NA,NA,NA,NA,NA
2011-01-17,46.99814392,-0.12,697.3333333,401.3333333,NA,NA,NA,NA,NA
2011-01-21,59.61593375,-0.22,888,537.3333333,NA,NA,NA,NA,NA
2011-01-25,38.75285551,-0.195,632,490.6666667,NA,NA,NA,NA,NA
2011-01-28,58.36664763,2.554,969.3333333,601.3333333,NA,NA,NA,NA,NA
2011-01-31,58.74143347,0.08,674.6666667,426.6666667,NA,NA,NA,NA,"Acetate 
contaminated"
2011-02-04,59.1162193,-0.07,1190.666667,704,NA,NA,NA,NA,NA
2011-02-07,57.99186179,0.03,1209.333333,762.6666667,NA,NA,NA,NA,"Acetate
 contaminated"
2011-02-11,66.11222159,6.976,625.3333333,437.3333333,NA,NA,NA,NA,"Acid base
 pumps turned off, pH high"
2011-02-14,65.48757853,-0.095,577.3333333,472,NA,NA,NA,NA,NA
2011-02-18,66.98672187,1.854,777.3333333,498.6666667,NA,NA,NA,NA,NA
2011-02-21,67.86122216,0.205,822.6666667,456,NA,NA,NA,NA,"Acetate 
contaminated"
2011-02-25,58.24171902,2.354,769.3333333,428,NA,NA,NA,NA,NA
2011-03-01,63.11393489,2.129,813.3333333,441.3333333,NA,NA,NA,NA,NA
2011-03-05,73.3580811,1.729,966.6666667,602.6666667,NA,NA,NA,NA,NA
2011-03-08,72.60850942,0.305,686.6666667,428,NA,NA,NA,NA,NA
2011-03-10,75.10708167,-0.245,953.3333333,540,NA,NA,NA,NA,NA
2011-03-14,-2.223729298,0.33,769.7333333,430.6666667,NA,NA,NA,NA,NA
2011-03-18,75.10708167,0.405,933.3333333,43697.33333,NA,NA,NA,NA,NA
2011-03-22,53.86921759,-0.095,752,462.6666667,NA,NA,NA,NA,NA
2011-03-25,69.61022273,0.855,994.6666667,616,NA,NA,NA,NA,NA
2011-03-29,60.49043404,2.179,832,452,NA,NA,NA,NA,NA
2011-04-01,65.98729298,-0.145,925.3333333,544,NA,NA,NA,NA,NA
2011-04-05,60.99014849,2.254,1036,564,NA,NA,NA,NA,NA
2011-04-08,62.23943461,0.23,900,468,NA,NA,NA,NA,NA
2011-04-12,68.48586522,-0.32,669.3333333,361.3333333,NA,NA,NA,NA,NA
2011-04-15,65.48757853,0.605,748,408,NA,NA,NA,NA,NA
2011-04-19,16.64049115,1.004,290.6666667,276,NA,NA,NA,NA,NA
2011-04-22,14.51670474,12.423,184,162.6666667,NA,NA,NA,NA,NA
2011-04-26,23.88635066,16.246,356,333.3333333,NA,NA,NA,NA,NA
2011-04-29,18.01470588,21.393,222.6666667,1400,NA,NA,NA,NA,NA
2011-05-03,61.73972016,10.924,348,296,NA,NA,NA,NA,"Reactor contents blue/grey, acid dump night before"
2011-05-06,58.61650485,22.242,98.66666667,81.33333333,NA,NA,NA,NA,NA
2011-05-09,56.36778983,27.262,705.4666667,686.6666667,NA,NA,NA,NA,NA
2011-05-13,58.24171902,2.479,460,313.3333333,NA,NA,NA,NA,NA
2011-05-19,66.73686465,0.355,486.6666667,278.6666667,NA,NA,NA,NA,NA
2011-05-23,51.24571673,0.755,1070.666667,690.6666667,NA,NA,NA,NA,NA
2011-05-26,54.36893204,0.08,1258.666667,769.3333333,NA,NA,NA,NA,NA
2011-05-31,59.1162193,-0.195,629.3333333,378.6666667,NA,NA,NA,NA,NA
2011-06-03,59.1162193,-0.145,408,257.3333333,NA,NA,NA,NA,NA
2011-06-06,69.86007995,-0.17,1537.333333,993.3333333,NA,NA,NA,NA,NA
2011-06-09,64.73800685,-0.045,1244,697.3333333,NA,NA,NA,NA,NA
2011-06-13,70.85950885,0.03,1489.333333,873.3333333,NA,NA,NA,NA,NA
2011-06-17,67.61136493,-0.22,1774.666667,1424,NA,NA,NA,NA,"Biomass on
 side wall"
2011-06-20,55.24343232,-0.17,1282.666667,904,NA,NA,NA,NA,NA
2011-06-23,34.88006853,-0.22,1021.333333,612,NA,NA,NA,NA,NA
2011-06-27,54.11907481,-0.195,976,550.6666667,NA,NA,NA,NA,NA
2011-07-01,54.49386065,-0.095,850.8,433.4666667,NA,NA,NA,NA,NA
2011-07-05,42.12592804,-0.145,842.6666667,392,NA,NA,NA,NA,NA
2011-07-08,83.97701314,0.03,968,569.3333333,NA,NA,NA,NA,NA
2011-07-11,59.1162193,0.68,984,593.3333333,NA,NA,NA,NA,NA
2011-07-15,42.50071388,0.605,873.3333333,492,NA,NA,NA,NA,NA
2011-07-18,69.86007995,-0.12,982.6666667,608,NA,NA,NA,NA,NA
2011-07-21,18.01470588,23.666,1060,861.3333333,NA,NA,NA,NA,"Acetate dump,
chrontrols reprogrammed"
2011-07-26,54.86864649,-0.195,1132,769.3333333,NA,NA,NA,NA,NA
2011-07-29,23.01185037,26.665,402.6666667,238.6666667,NA,NA,NA,NA,"Acid dump,
reactor volume high"
2011-08-01,72.10879497,0.18,916,629.3333333,NA,NA,NA,NA,NA
2011-08-04,60.74029126,0.155,1016,604,NA,NA,NA,NA,NA
2011-08-09,60.1156482,0.23,981.3333333,561.3333333,NA,NA,NA,NA,"Volume >3.5L, 
manually wasted"
2011-08-12,59.24114792,0.13,792,402.6666667,NA,NA,NA,NA,NA
2011-08-15,31.506996,0.005,869.3333333,461.3333333,NA,NA,NA,NA,NA
2011-08-18,60.1156482,-0.07,844,-876,NA,NA,NA,NA,NA
2011-08-22,62.36436322,-0.145,922.6666667,473.3333333,NA,NA,NA,NA,NA
2011-08-25,56.74257567,0.13,800,474.6666667,NA,NA,NA,NA,NA
2011-08-29,73.60793832,7.401,869.3333333,437.3333333,NA,NA,NA,NA,"Waste pump
unplugged 
over weekend"
2011-09-02,52.24514563,0.105,1081.333333,572,NA,NA,NA,NA,NA
2011-09-06,59.36607653,-0.045,945.3333333,509.3333333,NA,NA,NA,NA,NA
2011-09-09,51.62050257,-0.12,716,396,NA,NA,NA,NA,NA
2011-09-12,70.10993718,-0.27,1108,600,NA,NA,NA,NA,NA
2011-09-12,70.10993718,-0.17,1108,600,NA,NA,NA,NA,NA
2011-09-15,73.10822387,NA,940,530.6666667,NA,NA,NA,NA,NA
2011-09-19,74.23258138,0.055,964,544,NA,NA,NA,NA,NA
2011-09-23,75.98158195,-0.095,950.6666667,557.3333333,NA,NA,NA,NA,"9/26 chrontrol reset all circuits, reactors settled for about 12 hrs"
2011-09-30,74.60736722,11.199,738.6666667,501.3333333,NA,NA,NA,NA,"Reactors back to normal cycles"
2011-10-03,23.51156482,6.251,393.3333333,321.3333333,NA,NA,NA,NA,"Wasted >1000ml, circuit reset"
2011-10-07,15.51613364,14.722,190.6666667,182.6666667,NA,NA,NA,NA,"Biomass very thin, appears blue/grey, flocks stringy"
2011-10-14,49.37178755,-0.12,684,474.6666667,NA,NA,NA,NA,"Reactors appear back to normal, biomass still blue/grey, but has more flocs"
2011-10-17,64.2382924,-0.045,845.3333333,528,NA,NA,NA,NA,NA
2011-10-21,58.24171902,-0.145,705.3333333,369.3333333,NA,NA,NA,NA,NA
2011-10-24,71.48415191,0.255,602.6666667,309.3333333,NA,NA,NA,NA,NA
2011-10-28,71.73400914,-0.045,626.6666667,338.6666667,NA,NA,NA,NA,NA
2011-10-31,61.36493432,-0.095,732,458.6666667,NA,NA,NA,NA,NA
2011-11-04,88.97415762,37.858,464,312,NA,NA,NA,NA,"Acid base dump over past few days"
2011-11-07,62.98900628,-0.17,1086.666667,697.3333333,NA,NA,NA,NA,"Base line burst, fixed"
2011-11-11,52.49500286,-0.095,664,472,NA,NA,NA,NA,"Acetate contaminated"
2011-11-14,31.63192461,-0.045,688,710.6666667,NA,NA,NA,NA,NA
2011-11-18,26.88463735,-0.22,634.6666667,494.6666667,NA,NA,NA,NA,NA
2011-11-21,50.8709309,4.852,902.6666667,501.3333333,NA,NA,NA,NA,"TSS/VSS left in 110 degree oven over night"
2011-11-21,50.8709309,-0.07,902.6666667,501.3333333,NA,NA,NA,NA,"TSS/VSS left in 110 degree oven over night"
2011-11-28,25.26056539,NA,628,525.3333333,NA,NA,NA,NA,"Reactors left for 3 days untended, acid/base solutions very low. Programs set to waste correct amount"
2011-12-02,34.38035408,-0.295,885.3333333,629.3333333,NA,NA,NA,NA,NA
2011-12-05,55.74314677,-0.17,952,578.6666667,NA,NA,NA,NA,NA
2011-12-09,67.86122216,-0.095,912,426.6666667,NA,NA,NA,NA,NA
2011-12-12,49.62164477,-0.245,1245.333333,732,NA,NA,NA,NA,"No nitrogen over night"
2011-12-16,57.24229012,0.08,1333.333333,902.6666667,NA,NA,NA,NA,NA
2011-12-19,52.61993147,-0.12,1085.333333,713.3333333,NA,NA,NA,NA,"Biomass on sidewall"
2011-12-28,21.76256425,-0.07,932,833.3333333,NA,NA,NA,NA,"Reactors left for five days, no problems"
2012-01-03,53.36950314,-0.22,1098.666667,668,NA,NA,NA,NA,"Air pump being shared between two reactors, still getting adequate air"
2012-01-06,82.6027984,-0.17,1218.666667,1016,NA,NA,NA,NA,"Acetate leaked 200ml overnight. Fixed."
2012-01-09,52.12021702,-0.145,1426.666667,976,NA,NA,NA,NA,NA
2012-01-13,70.3597944,-0.145,1412,984,NA,NA,NA,NA,"Not wasting correct amount, cleaned tubing, manually wasting until it's solved"
2012-01-16,67.48643632,0.03,1241.333333,741.3333333,NA,NA,NA,NA,"waste line fixed"
2012-01-20,57.86693318,0.33,1293.333333,765.3333333,NA,NA,NA,NA,NA
2012-01-23,54.9935751,-0.22,1204,713.3333333,NA,NA,NA,NA,NA
2012-01-27,64.2382924,1.879,1064,588,NA,NA,NA,NA,NA
2012-01-30,56.74257567,-0.12,1021.333333,564,NA,NA,NA,NA,NA
2012-02-03,61.24000571,-0.17,945.3333333,376,NA,NA,NA,NA,NA
2012-02-06,60.24057681,0.08,760,390.6666667,NA,NA,NA,NA,NA
2012-02-06,60.24057681,0.03,760,390.6666667,NA,NA,NA,NA,NA
2012-02-09,64.61307824,0.03,790.6666667,396,NA,NA,NA,NA,NA
2012-02-13,56.61764706,-0.02,868,457.3333333,NA,NA,NA,NA,NA
2012-02-17,64.61307824,0.23,890.6666667,450.6666667,NA,NA,NA,NA,NA
2012-02-20,54.9935751,-0.02,862.6666667,465.3333333,NA,NA,NA,NA,NA
2012-02-24,60.74029126,1.629,894.6666667,456,NA,NA,NA,NA,NA
2012-02-27,52.49500286,-0.045,745.3333333,378.6666667,NA,NA,NA,NA,"N2 tank empty, no replacement"
2012-03-02,34.13049686,7.226,390.6666667,289.3333333,NA,NA,NA,NA,NA
2012-03-05,46.62335808,-0.07,664,402.6666667,NA,NA,NA,NA,"N2 replaced after sampling"
2012-03-09,66.11222159,-0.07,937.3333333,609.3333333,NA,NA,NA,NA,NA
2012-03-12,71.85893775,-0.22,1008,573.3333333,NA,NA,NA,NA,NA
2012-03-15,46.74828669,-0.095,1101.333333,886.6666667,NA,NA,NA,NA,NA
2012-03-19,58.99129069,0.43,1029.333333,665.3333333,NA,NA,NA,NA,NA
2012-03-23,62.48929183,-0.095,594.6666667,322.6666667,NA,NA,NA,NA,NA
2012-03-26,61.61479155,0.03,986.6666667,577.3333333,NA,NA,NA,NA,NA
2012-03-30,60.74029126,-0.07,960,553.3333333,NA,NA,NA,NA,NA
2012-04-02,62.48929183,-0.02,1141.333333,608,NA,NA,NA,NA,NA
2012-04-05,62.23943461,-0.045,937.3333333,558.6666667,NA,NA,NA,NA,NA
2012-04-05,62.23943461,-0.045,942.6666667,509.3333333,NA,NA,NA,NA,NA
2012-04-09,54.74371788,-0.095,NA,NA,NA,NA,NA,NA,NA
2012-04-13,58.61650485,-0.145,957.3333333,633.3333333,NA,NA,NA,NA,NA
2012-04-16,48.49728726,-0.245,914.6666667,517.3333333,NA,NA,NA,NA,NA
2012-04-19,55.49328955,-0.02,820,609.3333333,NA,NA,NA,NA,NA
2012-04-23,54.36893204,-0.195,821.3333333,466.6666667,NA,NA,NA,NA,NA
2012-04-27,62.23943461,-0.245,744,514.6666667,NA,NA,NA,NA,NA
2012-04-30,65.36264991,-0.22,1030.666667,576,NA,NA,NA,NA,NA
2012-05-04,68.11107938,3.703,894.6666667,497.3333333,NA,NA,NA,NA,NA
2012-05-07,52.12021702,0.105,1032,584,NA,NA,NA,NA,NA
2012-05-11,59.61593375,0.105,1013.333333,601.3333333,NA,NA,NA,NA,NA
2012-05-14,58.74143347,0.13,878.6666667,517.3333333,NA,NA,NA,NA,NA
2012-05-18,57.11736151,0.13,1277.333333,776,NA,NA,NA,NA,NA
2012-05-21,76.73115363,2.529,856,504,NA,NA,NA,NA,NA
2012-05-24,62.23943461,-0.195,1241.333333,782.6666667,NA,NA,NA,NA,NA
2012-05-28,62.114506,0.305,897.3333333,537.3333333,NA,NA,NA,NA,NA
2012-05-31,64.2382924,-0.22,1050.666667,630.6666667,NA,NA,NA,NA,NA
2012-06-04,65.86236436,-0.22,941.3333333,564,NA,NA,NA,NA,NA
2012-06-08,52.9947173,0.08,1076,681.3333333,NA,NA,NA,NA,NA
2012-06-11,63.23886351,-0.095,1130.666667,708,NA,NA,NA,NA,NA
2012-06-15,61.98957738,0.205,1129.333333,721.3333333,NA,NA,NA,NA,NA
2012-06-18,53.11964592,-0.27,1034.666667,677.3333333,NA,NA,NA,NA,NA
2012-06-21,53.36950314,-0.12,916,700,NA,NA,NA,NA,NA
2012-06-25,60.86521987,-0.12,738.6666667,610.6666667,NA,NA,NA,NA,NA
2012-06-28,66.36207881,0.08,701.3333333,617.3333333,NA,NA,NA,NA,NA
2012-07-01,57.49214734,NA,592,554.6666667,NA,NA,NA,NA,NA
2012-07-06,54.74371788,0.205,905.3333333,625.3333333,NA,NA,NA,NA,NA
2012-07-09,67.73629355,-0.32,914.6666667,741.3333333,NA,NA,NA,NA,NA
2012-07-12,84.10194175,11.049,696,504,NA,NA,NA,NA,"Acetate was not being added to the reactor. Thus Psol being off. Tubing was replaced and acetate is working again"
2012-07-16,69.98500857,0.205,677.3333333,494.6666667,NA,NA,NA,NA,NA
2012-07-20,NA,0.08,978.6666667,682.6666667,NA,NA,NA,NA,NA
2012-07-24,NA,-0.195,1140,817.3333333,NA,NA,NA,NA,NA
2012-07-30,53.36950314,0.03,506.6666667,509.3333333,NA,NA,NA,NA,NA
2012-08-03,48.8720731,-0.045,1018.666667,838.6666667,NA,NA,NA,NA,NA
2012-08-06,49.24685894,0.055,748,538,NA,NA,NA,NA,NA
2012-08-09,59.49100514,1.229,553.3333333,489.3333333,NA,NA,NA,NA,NA
2012-08-14,61.73972016,0.33,592,412,NA,NA,NA,NA,NA
2012-08-17,51.62050257,0.03,612,413.3333333,NA,NA,NA,NA,NA
2012-08-20,46.62335808,2.953,-39446.66667,410.6666667,NA,NA,NA,NA,"DI feed was off which may have caused irregularities in Psol"
2012-08-27,7.395773844,0.13,905.3333333,601.3333333,NA,NA,NA,NA,NA
2012-08-31,3.522986865,0.055,497.3333333,344,NA,NA,NA,NA,NA
2012-09-03,56.9924329,0.38,430.6666667,418.6666667,NA,NA,NA,NA,NA
2012-09-07,54.86864649,-0.195,557.3333333,384,NA,NA,NA,NA,NA
2012-09-10,50.12135922,36.634,604,540,NA,NA,NA,NA,"pH remained on during settling and there were multiple pH dumps. Problem has been fixed."
2012-09-14,46.49842947,-0.345,592,438.6666667,NA,NA,NA,NA,NA
2012-09-17,58.61650485,0.28,533.3333333,498.6666667,NA,NA,NA,NA,NA
2012-09-20,8.769988578,-0.045,550.6666667,404,NA,NA,NA,NA,"Missed acetate feed when new acetate was being made"
2012-09-23,40.12707025,-0.17,546.6666667,429.3333333,NA,NA,NA,NA,NA
2012-09-27,44.7494289,-0.17,381.3333333,328,NA,NA,NA,NA,NA
2012-09-30,2.523557967,-0.02,560,377.3333333,NA,NA,NA,NA,"Missed acetate feed"
2012-10-05,53.24457453,-0.17,741.3333333,514.6666667,NA,NA,NA,NA,NA
2012-10-08,49.12193033,-0.22,1742.666667,1134.666667,NA,NA,NA,NA,NA
2012-10-11,61.48986294,0.155,1096,737.3333333,NA,NA,NA,NA,NA
2012-10-15,146.8161051,-0.045,1932,1477.333333,NA,NA,NA,NA,"DI water was empty"
2012-10-19,64.11336379,-0.07,980,654.6666667,NA,NA,NA,NA,NA
2012-10-22,63.23886351,0.18,514.6666667,497.3333333,NA,NA,NA,NA,NA
2012-10-25,68.73572244,-0.02,724,654.6666667,NA,NA,NA,NA,NA
2012-10-29,41.37635637,0.005,1262.666667,997.3333333,NA,NA,NA,NA,NA
2012-11-01,100.5925186,0.58,1046.666667,998.6666667,NA,NA,NA,NA,"High amount of acetate added over past 24 hrs. Acetate feed was tested and it was working properly."
2012-11-06,49.49671616,0.205,952,762.6666667,NA,NA,NA,NA,NA
2012-11-08,51.49557396,0.53,914.6666667,620,NA,NA,NA,NA,NA
2012-11-13,68.11107938,0.33,1185.333333,948,NA,NA,NA,NA,NA
2012-11-16,30.25770988,0.28,1096,850.6666667,NA,NA,NA,NA,NA
2012-11-19,48.24743004,0.38,946.6666667,729.3333333,NA,NA,NA,NA,NA
2012-11-27,53.24457453,0.43,654.6666667,497.3333333,NA,NA,NA,NA,NA
2012-11-29,51.87035979,0.205,465.3333333,402.6666667,NA,NA,NA,NA,"High DI water input"
2012-12-04,57.24229012,0.13,629.3333333,396,NA,NA,NA,NA,NA
2012-12-07,57.61707596,0.155,672,537.3333333,NA,NA,NA,NA,NA
2012-12-11,61.36493432,0.305,1026.666667,694.6666667,NA,NA,NA,NA,NA
2012-12-15,49.24685894,-0.17,960,692,NA,NA,NA,NA,NA
2012-12-17,48.99700171,-0.22,762.6666667,549.3333333,NA,NA,NA,NA,NA
2013-01-07,42.50071388,-0.445,NA,NA,NA,NA,NA,NA,NA
2013-01-13,83.47729869,0.979,1205.333333,852.1333333,NA,NA,NA,NA,NA
2013-01-21,58.99129069,-0.195,756,465.3333333,NA,NA,NA,NA,NA
2013-01-25,82.72772701,-0.195,924,637.3333333,NA,NA,NA,NA,NA
2013-01-28,79.4795831,-0.045,1196,866.6666667,NA,NA,NA,NA,NA
2013-02-01,80.97872644,2.179,1493.333333,900,NA,NA,NA,NA,NA
2013-02-06,2.898343804,NA,1286.666667,970.6666667,NA,NA,NA,NA,NA
2013-02-08,77.60565391,NA,766.6666667,532,NA,NA,NA,NA,NA
2013-02-11,43.99985722,-0.22,684,581.3333333,NA,NA,NA,NA,NA
2013-02-18,47.62278698,2.054,885.3333333,546.6666667,NA,NA,NA,NA,NA
2013-02-22,31.63192461,-0.12,825.3333333,554.6666667,NA,NA,NA,NA,NA
2013-02-25,34.75513992,0.83,1357.333333,848,NA,NA,NA,NA,NA
2013-03-01,83.85208452,-0.045,825.3333333,348,NA,NA,NA,NA,NA
2013-03-04,56.36778983,-0.445,857.3333333,529.3333333,NA,NA,NA,NA,NA
2013-03-08,52.49500286,0.28,722.6666667,452,NA,NA,NA,NA,NA
2013-03-15,57.74200457,-0.07,877.3333333,620,NA,NA,NA,NA,NA
2013-03-18,59.49100514,2.279,542.6666667,238.6666667,NA,NA,NA,NA,NA
2013-04-03,47.74771559,0.879,549.3333333,546.6666667,NA,NA,NA,NA,NA
2013-04-05,48.12250143,0.255,418.6666667,310.6666667,NA,NA,NA,NA,NA
2013-04-12,54.11907481,-0.245,561.3333333,324,NA,NA,NA,NA,NA
2013-04-15,59.86579098,-0.07,685.3333333,430.6666667,NA,NA,NA,NA,NA
2013-04-20,49.24685894,0.155,718,456,NA,NA,NA,NA,NA
2013-04-23,47.99757282,-0.045,485.3333333,333.3333333,NA,NA,NA,NA,NA
2013-04-26,44.12478584,0.83,532,336,NA,NA,NA,NA,NA
2013-04-30,52.9947173,-0.27,742.6666667,454.6666667,NA,NA,NA,NA,NA
2013-05-03,74.23258138,7.326,757.3333333,462.6666667,NA,NA,NA,NA,NA
2013-05-10,48.74714449,0.255,825.3333333,549.3333333,NA,NA,NA,NA,NA
2013-05-13,27.00956596,1.154,633.3333333,549.3333333,NA,NA,NA,NA,NA
2013-05-20,60.61536265,0.505,717.3333333,485.3333333,NA,NA,NA,NA,NA
2013-05-23,60.61536265,0.505,640,558.6666667,NA,NA,NA,NA,NA
2013-05-28,22.13735009,6.976,556,550.6666667,NA,NA,NA,NA,NA
2013-05-30,39.12764135,0.904,613.3333333,524,NA,NA,NA,NA,NA
2013-06-03,4.527412907,1.729,394,428,NA,NA,NA,NA,NA
2013-06-04,9.549543118,10.894,589.3333333,534.6666667,NA,NA,NA,NA,NA
2013-06-05,4.077669903,5.877,430.6666667,442.6666667,NA,NA,NA,NA,NA
2013-06-06,5.726727584,11.174,386.6666667,417.3333333,NA,NA,NA,NA,NA
2013-06-07,5.127070246,2.429,341.3333333,349.3333333,NA,NA,NA,NA,NA
2013-06-10,6.001570531,1.254,172,206.6666667,NA,NA,NA,NA,NA
2013-06-11,7.325813821,1.029,150.6666667,182.6666667,NA,NA,NA,NA,NA
2013-06-12,7.075956596,2.828,124,157.3333333,NA,NA,NA,NA,NA
2013-06-13,7.275842376,2.354,112,158.6666667,NA,NA,NA,NA,NA
2013-06-14,4.677327242,2.229,104,152,NA,NA,NA,NA,NA
2013-06-17,12.24800114,4.772,NA,NA,NA,NA,NA,NA,NA
2013-06-18,17.84480297,9.974,85.33333333,133.3333333,NA,NA,NA,NA,NA
2013-06-19,15.39120503,14.022,74.66666667,153.3333333,NA,NA,NA,NA,NA
2013-06-20,11.26856082,2.928,317.3333333,345.3333333,NA,NA,NA,NA,NA
2013-06-21,11.51841805,3.078,209.3333333,245.3333333,NA,NA,NA,NA,NA
2013-06-24,13.64220445,4.303,306.6666667,314.6666667,NA,NA,NA,NA,NA
2013-06-25,16.37064535,2.678,272,256,NA,NA,NA,NA,NA
2013-06-26,17.88977727,3.153,249.3333333,242.6666667,NA,NA,NA,NA,NA
2013-06-27,16.39063392,3.978,193.3333333,216,NA,NA,NA,NA,NA
2013-06-28,16.89034837,4.128,288,293.3333333,NA,NA,NA,NA,NA
2013-06-29,21.01299258,4.552,NA,NA,NA,NA,NA,NA,NA
2013-06-30,19.88863507,5.902,NA,NA,NA,NA,NA,NA,NA
2013-07-01,20.2634209,6.376,333.3333333,337.3333333,NA,NA,NA,NA,NA
2013-07-02,16.64049115,5.952,330.6666667,310.6666667,NA,NA,NA,NA,NA
2013-07-03,16.89034837,6.626,292,292,NA,NA,NA,NA,NA
2013-07-04,16.1407767,8.775,288,300,NA,NA,NA,NA,NA
2013-07-08,12.89263278,8.45,382.6666667,405.3333333,NA,NA,NA,NA,NA
2013-07-09,15.39120503,6.146,310.6666667,345.3333333,NA,NA,NA,NA,NA
2013-07-10,17.26513421,10.474,468,478.6666667,NA,NA,NA,NA,NA
2013-07-11,25.26056539,10.649,433.3333333,428,NA,NA,NA,NA,NA
2013-07-12,20.88806396,10.549,364,373.3333333,NA,NA,NA,NA,NA
2013-07-15,27.3843518,10.874,370.6666667,354.6666667,NA,NA,NA,NA,NA
2013-07-16,34.88006853,10.724,430.6666667,409.3333333,NA,NA,NA,NA,NA
2013-07-17,38.87778412,3.128,634.6666667,557.3333333,NA,NA,NA,NA,NA
2013-07-18,49.24685894,0.53,753.3333333,636,NA,NA,NA,NA,NA
2013-07-19,-2.223729298,-0.445,809.3333333,626.6666667,NA,NA,NA,NA,NA
2013-07-20,56.36778983,-0.445,624,47704,NA,NA,NA,NA,NA
